num,keywords,_description,year,_date,Artstor Classification[35275],Work Type[35276],Repository[35277],id,Creation/Discovery Site[35280],Country[35284],_source,Source[35288]
3916960,Plaster,Plaster fragments and drawings; inscription #501 DOPKAC|Temple of Azzanathkona,1931,Date of Photography 1931-1932,Architecture and City Planning,,Yale University Art Gallery,dura-e77~01,Dura Europos (Salahiyeh),Syria,Image source Dura field photo|Image type glass negative|Condition of photo intact,_organization
3916959,Gypsum,Gypsum inscription (part of #556) from e7|Praetorium,1931,Date of Photography 1931-1932,Architecture and City Planning,,Yale University Art Gallery,dura-e73~01,Dura Europos (Salahiyeh),Syria,Image source Dura field photo|Image type glass negative|Condition of photo intact,Data from Yale University
3916958,Altar,"Altar from g1, b court with inscription CUN / THEO (#404)|Private house, shop",1931,Date of Photography 1931-1932,Architecture and City Planning,,Yale University Art Gallery,dura-e59b~01,Dura Europos (Salahiyeh),Syria,Image source Dura field photo|Image type glass negative|Condition of photo intact,Data from Yale University
3916957,Altar,"Altar from g1, b court with inscription KURI / LLA (#404)|Private house, shop",1931,Date of Photography 1931-1932,Architecture and City Planning,,Yale University Art Gallery,dura-e59a~01,Dura Europos (Salahiyeh),Syria,Image source Dura field photo|Image type glass negative|Condition of photo intact,Data from Yale University
3916956,Chemin,"Chemin de Ronde, curtain 14-15|SW angle",1931,Date of Photography 1931-1932,Architecture and City Planning,,Yale University Art Gallery,dura-e31~01,Dura Europos (Salahiyeh),Syria,Image source Dura field photo|Image type glass negative|Condition of photo intact,Data from Yale University
3916955,View,"View of SW angle of Tower 14 after excavating, through Sanctuary of Aphlad.|Tower 14, Temple of Aphlad",1931,Date of Photography 1931-1932,Architecture and City Planning,,Yale University Art Gallery,dura-e26~01,Dura Europos (Salahiyeh),Syria,Image source Dura field photo|Image type glass negative|Condition of photo intact,Data from Yale University
3916954,Plan,"Plan of excavation of block g2|Private houses, shops",1931,Date of Photography 1931-1932,Architecture and City Planning,,Yale University Art Gallery,dura-e16~01,Dura Europos (Salahiyeh),Syria,Image source plan/drawing/reconstruction|Image type glass negative|Condition of photo intact,Data from Yale University
3916953,Plan,"Plan of excavations at g1|Private houses, shops",1931,Date of Photography 1931-1932,Architecture and City Planning,,Yale University Art Gallery,dura-e14b~01,Dura Europos (Salahiyeh),Syria,Image source plan/drawing/reconstruction|Image type glass negative|Condition of photo intact,Data from Yale University
3916952,Figures,"Figures of animals cow, lion, horse|Private houses            ",1931,Date of Photography 1931-1932,Architecture and City Planning|Sculpture and Installations,,Yale University Art Gallery,dura-e116~01,Dura Europos (Salahiyeh),Syria,Image source Dura field photo|Image type glass negative|Condition of photo intact,Data from Yale University
3916210,Graffito,"Graffito of 2 men and inscription (#426), drawing|Temple of Aphlad/private house",1931,Date of Photography 1931-1932 or 1932-1933,Architecture and City Planning,,Yale University Art Gallery,dura-e357~01,Dura Europos (Salahiyeh),Syria,Image source Dura field photo|Image type glass negative|Condition of photo broken,Data from Yale University
3916209,Arch,Arch in Christian baptistry|Christian Building            ,1931,Date of Photography 1931-1932 or 1932-1933,Architecture and City Planning,,Yale University Art Gallery,dura-e313~01,Dura Europos (Salahiyeh),Syria,Image source Dura field photo|Image type film negative|Condition of photo intact,Data from Yale University
3916208,Christian,"Christian baptistry, S side, W end, borders of paintings at doorway, above, remains of Paradise scene|Christian Building            ",1931,Date of Photography 1931-1932 or 1932-1933,Architecture and City Planning,,Yale University Art Gallery,dura-e312~01,Dura Europos (Salahiyeh),Syria,Image source Dura field photo|Image type film negative|Condition of photo intact,Data from Yale University
3916207,Graffito/inscription,"Graffito/inscription (#506), with many names|Temple of Azzanathkona",1931,Date of Photography 1931-1932,Architecture and City Planning,,Yale University Art Gallery,dura-e193~01,Dura Europos (Salahiyeh),Syria,Image source Dura field photo|Image type glass negative|Condition of photo intact,Data from Yale University
3896834,Plaster,Plaster Parthian head            ,1931,Date of Photography 1931-1932,Architecture and City Planning|Sculpture and Installations,,Yale University Art Gallery,dura-e99~01,Dura Europos (Salahiyeh),Syria,Image source Dura field photo|Image type glass negative|Condition of photo intact,Data from Yale University
3896833,Terra,Terra cotta head|SW angle            ,1931,Date of Photography 1931-1932,Architecture and City Planning|Sculpture and Installations,,Yale University Art Gallery,dura-e98~01,Dura Europos (Salahiyeh),Syria,Image source Dura field photo|Image type glass negative|Condition of photo intact,Data from Yale University
3896832,Bust,Bust of a man|Center of Agora            ,1931,Date of Photography 1931-1932,Architecture and City Planning|Sculpture and Installations,,Yale University Art Gallery,dura-e97~01,Dura Europos (Salahiyeh),Syria,Image source Dura field photo|Image type glass negative|Condition of photo intact,Data from Yale University
3896831,Parthian,"Parthian head of a man|Private house, shop            ",1931,Date of Photography 1931-1932,Architecture and City Planning,,Yale University Art Gallery,dura-e96~01,Dura Europos (Salahiyeh),Syria,Image source Dura field photo|Image type film negative|Condition of photo intact,Data from Yale University
3896830,Relief,"Relief of Herakles|Private house, shop            ",1931,Date of Photography 1931-1932,Architecture and City Planning,,Yale University Art Gallery,dura-e95~01,Dura Europos (Salahiyeh),Syria,Image source Dura field photo|Image type glass negative|Condition of photo intact,Data from Yale University
3896829,Gypsum,Gypsum torso of a man|Private house            ,1931,Date of Photography 1931-1932,Architecture and City Planning,,Yale University Art Gallery,dura-e94~01,Dura Europos (Salahiyeh),Syria,Image source Dura field photo|Image type glass negative|Condition of photo intact,Data from Yale University
3896828,Draped,"Draped statue of child, lower half|Private house, shop            ",1931,Date of Photography 1931-1932,Architecture and City Planning,,Yale University Art Gallery,dura-e92~01,Dura Europos (Salahiyeh),Syria,Image source Dura field photo|Image type glass negative|Condition of photo intact,Data from Yale University
3896827,Draped,"Draped statue|Private house, shop            ",1931,Date of Photography 1931-1932,Architecture and City Planning,,Yale University Art Gallery,dura-e91~01,Dura Europos (Salahiyeh),Syria,Image source Dura field photo|Image type glass negative|Condition of photo intact,Data from Yale University
3896826,Dipinto,Dipinto of boar hunt|Temple of Azzanathkona            ,1931,Date of Photography 1931-1932,Architecture and City Planning,,Yale University Art Gallery,dura-e90~01,Dura Europos (Salahiyeh),Syria,Image source Dura field photo|Image type glass negative|Condition of photo intact,Data from Yale University
3896825,Plan,Plan of Praetorium|Praetorium            ,1931,Date of Photography 1931-1932,Architecture and City Planning,,Yale University Art Gallery,dura-e9~01,Dura Europos (Salahiyeh),Syria,Image source plan/drawing/reconstruction|Image type glass negative|Condition of photo intact,Data from Yale University
3896824,Ink,"Ink graffito, lion hunt with inscription|Temple of Azzanathkona            ",1931,Date of Photography 1931-1932,Architecture and City Planning,,Yale University Art Gallery,dura-e89~01,Dura Europos (Salahiyeh),Syria,Image source Dura field photo|Image type glass negative|Condition of photo intact,Data from Yale University
3896823,Graffito,Graffito to right of dipinto of bird cult (#440)|Temple of Aphlad,1931,Date of Photography 1931-1932,Architecture and City Planning,,Yale University Art Gallery,dura-e88~01,Dura Europos (Salahiyeh),Syria,Image source Dura field photo|Image type glass negative|Condition of photo intact,Data from Yale University
3896822,Fresco,"Fresco of Bird cult, close up|Temple of Aphlad            ",1931,Date of Photography 1931-1932,Architecture and City Planning|Paintings,,Yale University Art Gallery,dura-e87b~01,Dura Europos (Salahiyeh),Syria,Image source Dura field photo|Image type glass negative|Condition of photo intact,Data from Yale University
3896821,Fresco,"Fresco of Bird cult, view of wall|Temple of Aphlad            ",1931,Date of Photography 1931-1932,Architecture and City Planning|Paintings,,Yale University Art Gallery,dura-e87a~01,Dura Europos (Salahiyeh),Syria,Image source Dura field photo|Image type glass negative|Condition of photo intact,Data from Yale University
3896820,Ink,"Ink graffito, cult scene, E wall, Temple of Azzanathkona|Temple of Azzanathkona            ",1931,Date of Photography 1931-1932,Architecture and City Planning,,Yale University Art Gallery,dura-e86b~01,Dura Europos (Salahiyeh),Syria,Image source Dura field photo|Image type glass negative|Condition of photo intact,Data from Yale University
3896819,Ink,"Ink graffito, cult scene, E wall, Temple of Azzanathkona|Temple of Azzanathkona            ",1931,Date of Photography 1931-1932,Architecture and City Planning,,Yale University Art Gallery,dura-e86a~01,Dura Europos (Salahiyeh),Syria,Image source Dura field photo|Image type glass negative|Condition of photo intact,Data from Yale University
3896818,Sassanian,"Sassanian fresco, reconstruction of main figure|House of Frescoes            ",1931,Date of Photography 1931-1932,Architecture and City Planning,,Yale University Art Gallery,dura-e85~01,Dura Europos (Salahiyeh),Syria,Image source Dura field photo|Image type glass negative|Condition of photo intact,Data from Yale University
3896817,Sassanian,Sassanian fresco reconstruction/line drawing|House of Frescoes            ,1931,Date of Photography 1931-1932,Architecture and City Planning,,Yale University Art Gallery,dura-e84~01,Dura Europos (Salahiyeh),Syria,Image source Dura field photo|Image type glass negative|Condition of photo intact,Data from Yale University
3896816,Sassanian,"Sassanian fresco, detail|House of Frescoes            ",1931,Date of Photography 1931-1932,Architecture and City Planning,,Yale University Art Gallery,dura-e83~01,Dura Europos (Salahiyeh),Syria,Image source Dura field photo|Image type glass negative|Condition of photo intact,Data from Yale University
3896815,Sassanian,"Sassanian fresco, detail|House of Frescoes            ",1931,Date of Photography 1931-1932,Architecture and City Planning,,Yale University Art Gallery,dura-e82~01,Dura Europos (Salahiyeh),Syria,Image source Dura field photo|Image type glass negative|Condition of photo intact,Data from Yale University
3896814,Sassanian,"Sassanian fresco, detail|House of Frescoes            ",1931,Date of Photography 1931-1932,Architecture and City Planning,,Yale University Art Gallery,dura-e81~01,Dura Europos (Salahiyeh),Syria,Image source Dura field photo|Image type glass negative|Condition of photo intact,Data from Yale University
3896813,Sassanian,Sassanian fresco|House of Frescoes            ,1931,Date of Photography 1931-1932,Architecture and City Planning,,Yale University Art Gallery,dura-e80~01,Dura Europos (Salahiyeh),Syria,Image source Dura field photo|Image type glass negative|Condition of photo intact,Data from Yale University
3896812,Plan,Plan of Temple of Bel|Temple of Bel/Palmyrene Gods            ,1931,Date of Photography 1931-1932,Architecture and City Planning,,Yale University Art Gallery,dura-e8~01,Dura Europos (Salahiyeh),Syria,Image source plan/drawing/reconstruction|Image type glass negative|Condition of photo intact,Data from Yale University
3896811,Copy,"Copy of fragments of fresco from SW angle, Temple of Aphlad|Temple of Aphlad            ",1931,Date of Photography 1931-1932,Architecture and City Planning,,Yale University Art Gallery,dura-e79~01,Dura Europos (Salahiyeh),Syria,Image source Dura field photo|Image type glass negaive|Condition of photo intact,Data from Yale University
3896810,Copy,"Copy of frescoes from SW Angle, Temple of Aphlad|Temple of Aphlad            ",1931,Date of Photography 1931-1932,Architecture and City Planning,,Yale University Art Gallery,dura-e78~01,Dura Europos (Salahiyeh),Syria,Image source Dura field photo|Image type glass negative|Condition of photo intact,Data from Yale University
3896809,Grafitto,Grafitto #449|Praetorium,1931,Date of Photography 1931-1932,Architecture and City Planning,,Yale University Art Gallery,dura-e76~01,Dura Europos (Salahiyeh),Syria,Image source Dura field photo|Image type glass negative|Condition of photo intact,Data from Yale University
3896808,Painted,Painted inscription (#396) from outside Tower 14|Tower 14,1931,Date of Photography 1931-1932,Architecture and City Planning,,Yale University Art Gallery,dura-e75~01,Dura Europos (Salahiyeh),Syria,Image source Dura field photo|Image type glass negative|Condition of photo intact,Data from Yale University
3896807,Painted,"Painted inscription from e7, 8 and 9 (#560) SPQ|Praetorium",1931,Date of Photography 1931-1932,Architecture and City Planning,,Yale University Art Gallery,dura-e74~01,Dura Europos (Salahiyeh),Syria,Image source Dura field photo|Image type glass negative|Condition of photo intact,Data from Yale University
3896806,Inscription,Inscription of III Cyrenean Legion (#557)|Praetorium,1931,Date of Photography 1931-1932,Architecture and City Planning,,Yale University Art Gallery,dura-e72~01,Dura Europos (Salahiyeh),Syria,Image source Dura field photo|Image type glass negative|Condition of photo intact,Data from Yale University
3896805,Inscription,"Inscription of Barnabous (#453) from Temple of Azzanathkona, d8|Temple of Azzanathkona",1931,Date of Photography 1931-1932,Architecture and City Planning,,Yale University Art Gallery,dura-e71~01,Dura Europos (Salahiyeh),Syria,Image source Dura field photo|Image type glass negative|Condition of photo intact,Data from Yale University
3896804,Inscription,Inscription of Heliodorus (#468)|Temple of Azzanathkona,1931,Date of Photography 1931-1932,Architecture and City Planning,,Yale University Art Gallery,dura-e70~01,Dura Europos (Salahiyeh),Syria,Image source Dura field photo|Image type glass negative|Condition of photo intact,Data from Yale University
3896803,Plan,Plan of Temple of Bel|Temple of Bel/Palmyrene Gods            ,1931,Date of Photography 1931-1932,Architecture and City Planning,,Yale University Art Gallery,dura-e7~01,Dura Europos (Salahiyeh),Syria,Image source plan/drawing/reconstruction|Image type glass negative|Condition of photo intact,Data from Yale University
3896802,Plan,Plan of palace of redoubt|Redoubt            ,1931,Date of Photography 1931-1932,Architecture and City Planning,,Yale University Art Gallery,dura-e6b~01,Dura Europos (Salahiyeh),Syria,Image source plan/drawing/reconstruction|Image type glass negative|Condition of photo intact,Data from Yale University
3896801,Plan,Plan of palace of redoubt|Redoubt            ,1931,Date of Photography 1931-1932,Architecture and City Planning,,Yale University Art Gallery,dura-e6a~01,Dura Europos (Salahiyeh),Syria,Image source plan/drawing/reconstruction|Image type glass negative|Condition of photo intact,Data from Yale University
3896800,Inscription,"Inscription from e7, w9 (#504)|Temple of Azzanathkona",1931,Date of Photography 1931-1932,Architecture and City Planning,,Yale University Art Gallery,dura-e69~01,Dura Europos (Salahiyeh),Syria,Image source Dura field photo|Image type glass negative|Condition of photo intact,Data from Yale University
3896799,Inscription,"Inscription from naos 1, SW angle (#418)|SW angle",1931,Date of Photography 1931-1932,Architecture and City Planning,,Yale University Art Gallery,dura-e68~01,Dura Europos (Salahiyeh),Syria,Image source Dura field photo|Image type glass negative|Condition of photo intact,Data from Yale University
3896798,Inscription,"Inscription from pillar, e7, 2, praetorium to Geta (erased), part; #558|Praetorium",1931,Date of Photography 1931-1932,Architecture and City Planning,,Yale University Art Gallery,dura-e67~01,Dura Europos (Salahiyeh),Syria,Image source Dura field photo|Image type glass negative|Condition of photo intact,Data from Yale University
3896797,Inscription,"Inscription from pillar e7, 2, praetorium to Geta (erased), part; #558|Praetorium",1931,Date of Photography 1931-1932,Architecture and City Planning,,Yale University Art Gallery,dura-e66~01,Dura Europos (Salahiyeh),Syria,Image source Dura field photo|Image type glass negative|Condition of photo intact,Data from Yale University
3896796,Inscription,"Inscription from lintel of main door, Praetorium dedication to Caracalla, part (#556)|Praetorium",1931,Date of Photography 1931-1932,Architecture and City Planning,,Yale University Art Gallery,dura-e65~01,Dura Europos (Salahiyeh),Syria,Image source Dura field photo|Image type glass negative|Condition of photo intact,Data from Yale University
3896795,Inscription,"Inscription from lintel of main door, part, praetorium (#556)|Praetorium",1931,Date of Photography 1931-1932,Architecture and City Planning,,Yale University Art Gallery,dura-e64~01,Dura Europos (Salahiyeh),Syria,Image source Dura field photo|Image type glass negative|Condition of photo intact,Data from Yale University
3896794,Niches,"Niches in N wall of g3, 3|Private house, shop",1931,Date of Photography 1931-1932,Architecture and City Planning,,Yale University Art Gallery,dura-e63~01,Dura Europos (Salahiyeh),Syria,Image source Dura field photo|Image type glass negative|Condition of photo intact,Data from Yale University
3896793,View,"View showing 2 periods in wall, Praetorium|Praetorium",1931,Date of Photography 1931-1932,Architecture and City Planning,,Yale University Art Gallery,dura-e62~01,Dura Europos (Salahiyeh),Syria,Image source Dura field photo|Image type glass negative|Condition of photo intact,Data from Yale University
3896792,Altar,"Altar from g1, b court with inscription DIA / BIOU (#404)|Private house, shop",1931,Date of Photography 1931-1932,Architecture and City Planning,,Yale University Art Gallery,dura-e60b~01,Dura Europos (Salahiyeh),Syria,Image source Dura field photo|Image type glass negative|Condition of photo intact,Data from Yale University
3896791,Altar,"Altar from g1, b court with inscription EUTU / XIA (#404)|Private house, shop",1931,Date of Photography 1931-1932,Architecture and City Planning,,Yale University Art Gallery,dura-e60a~01,Dura Europos (Salahiyeh),Syria,Image source Dura field photo|Image type glass negative|Condition of photo intact,Data from Yale University
3896790,Altar,"Altar from g1, 28|Private house, shop",1931,Date of Photography 1931-1932,Architecture and City Planning,,Yale University Art Gallery,dura-e58~01,Dura Europos (Salahiyeh),Syria,Image source Dura field photo|Image type glass negative|Condition of photo intact,Data from Yale University
3896789,Doorway,Doorway to Building h3 in section b8|b8,1931,Date of Photography 1931-1932,Architecture and City Planning,,Yale University Art Gallery,dura-e57~01,Dura Europos (Salahiyeh),Syria,Image source Dura field photo|Image type glass negative|Condition of photo intact,Data from Yale University
3896788,Temple,"Temple of Azzanathkona, e7, w9, N side|Temple of Azzanathkona",1931,Date of Photography 1931-1932,Architecture and City Planning,,Yale University Art Gallery,dura-e56~01,Dura Europos (Salahiyeh),Syria,Image source Dura field photo|Image type glass negative|Condition of photo intact,Data from Yale University
3896787,Temple,"Temple of Azzanathkona, e7, w9, N side|Temple of Azzanathkona",1931,Date of Photography 1931-1932,Architecture and City Planning,,Yale University Art Gallery,dura-e55~01,Dura Europos (Salahiyeh),Syria,Image source Dura field photo|Image type glass negative|Condition of photo intact,Data from Yale University
3896786,Temple,"Temple of Azzanathkona, e7, w9, N side|Temple of Azzanathkona",1931,Date of Photography 1931-1932,Architecture and City Planning,,Yale University Art Gallery,dura-e54~01,Dura Europos (Salahiyeh),Syria,Image source Dura field photo|Image type glass negative|Condition of photo intact,Data from Yale University
3896785,Temple,"Temple of Azzanathkona, e7, w9, N side|Temple of Azzanathkona",1931,Date of Photography 1931-1932,Architecture and City Planning,,Yale University Art Gallery,dura-e53~01,Dura Europos (Salahiyeh),Syria,Image source Dura field photo|Image type glass negative|Condition of photo intact,Data from Yale University
3896784,Temple,"Temple of Azzanathkona, e7, w9 N side|Temple of Azzanathkona",1931,Date of Photography 1931-1932,Architecture and City Planning,,Yale University Art Gallery,dura-e52~01,Dura Europos (Salahiyeh),Syria,Image source Dura field photo|Image type glass negative|Condition of photo intact,Data from Yale University
3896783,Temple,"Temple of Azzanathkona, e7, w9 S side|Temple of Azzanathkona",1931,Date of Photography 1931-1932,Architecture and City Planning,,Yale University Art Gallery,dura-e50~01,Dura Europos (Salahiyeh),Syria,Image source Dura field photo|Image type glass negative|Condition of photo intact,Data from Yale University
3896782,Plan,Plan of palace redoubt|Redoubt            ,1931,Date of Photography 1931-1932,Architecture and City Planning,,Yale University Art Gallery,dura-e5~01,Dura Europos (Salahiyeh),Syria,Image source plan/drawing/reconstruction|Image type film negative|Condition of photo intact,Data from Yale University
3896781,Temple,"Temple of Azzanathkona, e7, w9 S side|Temple of Azzanathkona",1931,Date of Photography 1931-1932,Architecture and City Planning,,Yale University Art Gallery,dura-e49~01,Dura Europos (Salahiyeh),Syria,Image source Dura field photo|Image type glass negative|Condition of photo intact,Data from Yale University
3896780,Entrance,Entrance to Temple of Azzanathkona with inscription #468 to Heliodorus|Temple of Azzanathkona,1931,Date of Photography 1931-1932,Architecture and City Planning,,Yale University Art Gallery,dura-e47~01,Dura Europos (Salahiyeh),Syria,Image source Dura field photo|Image type glass negative|Condition of photo intact,Data from Yale University
3896779,Doorway,"Doorway 2/5 with grooves, Praetorium|Praetorium",1931,Date of Photography 1931-1932,Architecture and City Planning,,Yale University Art Gallery,dura-e46~01,Dura Europos (Salahiyeh),Syria,Image source Dura field photo|Image type glass negative|Condition of photo intact,Data from Yale University
3896778,Tribunal,"Tribunal, platform at E end|Praetorium            ",1931,Date of Photography 1931-1932,Architecture and City Planning,,Yale University Art Gallery,dura-e45~01,Dura Europos (Salahiyeh),Syria,Image source Dura field photo|Image type glass negative|Condition of photo intact,Data from Yale University
3896777,Excavations,"Excavations at e7, Praetorium, looking NW from street across court 1|Praetorium",1931,Date of Photography 1931-1932,Architecture and City Planning,,Yale University Art Gallery,dura-e42~01,Dura Europos (Salahiyeh),Syria,Image source Dura field photo|Image type glass negative|Condition of photo intact,Data from Yale University
3896776,Mudbrick,"Mudbrick wall at e7 W, fortification/embankment? (or possibly rejoin (?) to circuit wall)|Temple of Azzanathkona; Praetorium",1931,Date of Photography 1931-1932,Architecture and City Planning,,Yale University Art Gallery,dura-e41~01,Dura Europos (Salahiyeh),Syria,Image source Dura field photo|Image type glass negative|Condition of photo intact,Data from Yale University
3896775,Wadi,Wadi and Tower 3 between e7 and Tower 2 of Archers|Wadi and Tower 3 between e7 and Tower 2 of Archers,1931,Date of Photography 1931-1932,Architecture and City Planning,,Yale University Art Gallery,dura-e40~01,Dura Europos (Salahiyeh),Syria,Image source Dura field photo|Image type glass negative|Condition of photo intact,Data from Yale University
3896774,Fortification,"Fortification, city wall, curtain 14-15 near Tower 15|Fortification near Tower 15",1931,Date of Photography 1931-1932,Architecture and City Planning,,Yale University Art Gallery,dura-e4~01,Dura Europos (Salahiyeh),Syria,Image source Dura field photo|Image type glass negative|Condition of photo intact,Data from Yale University
3896773,General,General view of circuit wall N of e7|Circuit wall N of e7,1931,Date of Photography 1931-1932,Architecture and City Planning,,Yale University Art Gallery,dura-e39~01,Dura Europos (Salahiyeh),Syria,Image source Dura field photo|Image type replacement negative|Condition of photo intact,Data from Yale University
3896772,N Wadi,"N Wadi and Tower 3, W of e7|N. Wadi and Tower 3",1931,Date of Photography 1931-1932,Architecture and City Planning,,Yale University Art Gallery,dura-e38~01,Dura Europos (Salahiyeh),Syria,Image source Dura field photo|Image type glass negative|Condition of photo intact,Data from Yale University
3896771,View,View to W of praetorium area from e7|Temple of Azzanathkona; Praetorium,1931,Date of Photography 1931-1932,Architecture and City Planning,,Yale University Art Gallery,dura-e37~01,Dura Europos (Salahiyeh),Syria,Image source Dura field photo|Image type glass negative|Condition of photo intact,Data from Yale University
3896770,e7,e7 from SE|Temple of Azzanathkona; Praetorium,1931,Date of Photography 1931-1932,Architecture and City Planning,,Yale University Art Gallery,dura-e36~01,Dura Europos (Salahiyeh),Syria,Image source Dura field photo|Image type glass negative|Condition of photo intact,Data from Yale University
3896769,View,"View of e7 - praetorium area - from NW,  before excavations|Temple of Azzanathkona; Praetorium",1931,Date of Photography 1931-1932,Architecture and City Planning,,Yale University Art Gallery,dura-e35~01,Dura Europos (Salahiyeh),Syria,Image source Dura field photo|Image type glass negative|Condition of photo intact,Data from Yale University
3896768,Naos,"Naos 1 from NE, Temple of Aphlad|Temple of Aphlad",1931,Date of Photography 1931-1932,Architecture and City Planning,,Yale University Art Gallery,dura-e34a~01,Dura Europos (Salahiyeh),Syria,Image source Dura field photo|Image type glass negative|Condition of photo intact,Data from Yale University
3896767,Facade,Facade of naos 1 of Temple of Aphlad appearing during excavation|Temple of Aphlad,1931,Date of Photography 1931-1932,Architecture and City Planning,,Yale University Art Gallery,dura-e33~01,Dura Europos (Salahiyeh),Syria,Image source Dura field photo|Image type glass negative|Condition of photo intact,Data from Yale University
3896766,Embankment,Embankment at Tower 14 from E|Tower 14,1931,Date of Photography 1931-1932,Architecture and City Planning,,Yale University Art Gallery,dura-e32~01,Dura Europos (Salahiyeh),Syria,Image source Dura field photo|Image type glass negative|Condition of photo intact,Data from Yale University
3896765,Fortification,"Fortification, city wall, curtain 14-15 near Tower 15, crenellation|Fortification near Tower 15",1931,Date of Photography 1931-1932,Architecture and City Planning,,Yale University Art Gallery,dura-e30~01,Dura Europos (Salahiyeh),Syria,Image source Dura field photo|Image type replacement negative|Condition of photo intact,Data from Yale University
3896764,Beginning,Beginning of work            ,1930,Date of Photography 1930-1931,Architecture and City Planning,,Yale University Art Gallery,dura-e3~01,Dura Europos (Salahiyeh),Syria,Image source Dura field photo|Image type glass negative|Condition of photo intact,Data from Yale University
3896763,Fortification,"Fortification, city wall, curtain 14-15 near Tower 15|Fortificaiton near Tower 15",1931,Date of Photography 1931-1932,Architecture and City Planning,,Yale University Art Gallery,dura-e29~01,Dura Europos (Salahiyeh),Syria,Image source Dura field photo|Image type replacement negative|Condition of photo intact,Data from Yale University
3896762,Fortification,"Fortification, city wall, curtain 14-15, crenellations near Tower 15|Fortification near Tower 15",1931,Date of Photography 1931-1932,Architecture and City Planning,,Yale University Art Gallery,dura-e28~01,Dura Europos (Salahiyeh),Syria,Image source Dura field photo|Image type glass negative|Condition of photo intact,Data from Yale University
3896761,Fortification,"Fortification, city wall, curtain 14-15, crenellations near Tower 15|Fortification near Tower 15",1931,Date of Photography 1931-1932,Architecture and City Planning,,Yale University Art Gallery,dura-e27~01,Dura Europos (Salahiyeh),Syria,Image source Dura field photo|Image type glass negative|Condition of photo intact,Data from Yale University
3896760,Drain,"Drain in mudbrick wall near Tower 13, SW angle, embankment|SW angle",1931,Date of Photography 1931-1932,Architecture and City Planning,,Yale University Art Gallery,dura-e25~01,Dura Europos (Salahiyeh),Syria,Image source Dura field photo|Image type replacement negative|Condition of photo intact,Data from Yale University
3896759,Fill,"Fill of ashes, bricks and mud, SW angle, Tower 14 embankment|SW angle, Tower 14",1931,Date of Photography 1931-1932,Architecture and City Planning,,Yale University Art Gallery,dura-e24~01,Dura Europos (Salahiyeh),Syria,Image source Dura field photo|Image type glass negative|Condition of photo intact,Data from Yale University
3896758,Tower 14,"SW angle, Tower 14, E wall showing mudbrick|SW angle, Tower 14",1931,Date of Photography 1931-1932,Architecture and City Planning,,Yale University Art Gallery,dura-e23~01,Dura Europos (Salahiyeh),Syria,Image source Dura field photo|Image type glass negative|Condition of photo intact,Data from Yale University
3896757,Tower 14,"SW angle, Tower 14, S wall from outside|SW angle, Tower 14",1931,Date of Photography 1931-1932,Architecture and City Planning,,Yale University Art Gallery,dura-e22~01,Dura Europos (Salahiyeh),Syria,Image source Dura field photo|Image type glass negative|Condition of photo intact,Data from Yale University
3896756,Tower 14,"SW angle, Tower 14, N wall from within door to Chemin de Ronde|Tower 14",1931,Date of Photography 1931-1932,Architecture and City Planning,,Yale University Art Gallery,dura-e20~01,Dura Europos (Salahiyeh),Syria,Image source Dura field photo|Image type replacement negative|Condition of photo intact,Data from Yale University
3896755,Group,Group photo            ,1931,Date of Photography 1931-1932,Architecture and City Planning,,Yale University Art Gallery,dura-e2~01,Dura Europos (Salahiyeh),Syria,Image source Dura field photo|Image type glass negative|Condition of photo intact,Data from Yale University
3896754,Beginning,Beginning of work at SW angle looking west to embankment and Tower 14|SW angle,1931,Date of Photography 1931-1932,Architecture and City Planning,,Yale University Art Gallery,dura-e19~01,Dura Europos (Salahiyeh),Syria,Image source Dura field photo|Image type glass negative|Condition of photo intact,Data from Yale University
3896753,Redoubt,"Redoubt, room on E side|Redoubt            ",1931,Date of Photography 1931-1932,Architecture and City Planning,,Yale University Art Gallery,dura-e18~01,Dura Europos (Salahiyeh),Syria,Image source Dura field photo|Image type glass negative|Condition of photo intact,Data from Yale University
3896752,Plan,"Plan of excation of g2 and part of g4|Private houses, shops",1931,Date of Photography 1931-1932,Architecture and City Planning,,Yale University Art Gallery,dura-e17~01,Dura Europos (Salahiyeh),Syria,Image source plan/drawing/reconstruction|Image type glass negative|Condition of photo intact,Data from Yale University
3896751,Fresco,Fresco from Christian chapel of woman at well|Christian building            ,1931,Date of Photography 1931-1932,Architecture and City Planning|Paintings,,Yale University Art Gallery,dura-e169~01,Dura Europos (Salahiyeh),Syria,Image source Dura field photo|Image type glass negative|Condition of photo intact,Data from Yale University
3896750,Graffito,Graffito cult scene|Private house            ,1931,Date of Photography 1931-1932,Architecture and City Planning,,Yale University Art Gallery,dura-e168~01,Dura Europos (Salahiyeh),Syria,Image source Dura field photo|Image type glass negative|Condition of photo intact,Data from Yale University
3896749,Graffito,Graffito Palmyrene Gate|Private house            ,1931,Date of Photography 1931-1932,Architecture and City Planning,,Yale University Art Gallery,dura-e167~01,Dura Europos (Salahiyeh),Syria,Image source Dura field photo|Image type glass negative|Condition of photo intact,Data from Yale University
3896748,Inscription/Graffito,"Inscription/Graffito, Magic|Private house            ",1931,Date of Photography 1931-1932,Architecture and City Planning,,Yale University Art Gallery,dura-e166~01,Dura Europos (Salahiyeh),Syria,Image source Dura field photo|Image type glass negative|Condition of photo intact,Data from Yale University
3896747,"Graffito, Private",Graffito|Private house            ,1931,Date of Photography 1931-1932,Architecture and City Planning,,Yale University Art Gallery,dura-e165~01,Dura Europos (Salahiyeh),Syria,Image source Dura field photo|Image type glass negative|Condition of photo intact,Data from Yale University
3896746,Graffito,Graffito inscription (#401)|Private house,1931,Date of Photography 1931-1932,Architecture and City Planning,,Yale University Art Gallery,dura-e164~01,Dura Europos (Salahiyeh),Syria,Image source Dura field photo|Image type glass negative|Condition of photo intact,Data from Yale University
3896745,Graffito,Graffito of ship with sail|shop            ,1931,Date of Photography 1931-1932,Architecture and City Planning,,Yale University Art Gallery,dura-e163~01,Dura Europos (Salahiyeh),Syria,Image source Dura field photo|Image type glass negative|Condition of photo intact,Data from Yale University
3896744,"Graffito, Private",Graffito|Private house            ,1931,Date of Photography 1931-1932,Architecture and City Planning,,Yale University Art Gallery,dura-e162~01,Dura Europos (Salahiyeh),Syria,Image source Dura field photo|Image type glass negative|Condition of photo intact,Data from Yale University
3896743,Graffito,Graffito of Parthian warrior|Private house            ,1931,Date of Photography 1931-1932,Architecture and City Planning,,Yale University Art Gallery,dura-e161~01,Dura Europos (Salahiyeh),Syria,Image source Dura field photo|Image type glass negative|Condition of photo intact,Data from Yale University
3896742,Graffito,Graffito of stags|Private house            ,1931,Date of Photography 1931-1932,Architecture and City Planning,,Yale University Art Gallery,dura-e160~01,Dura Europos (Salahiyeh),Syria,Image source Dura field photo|Image type glass negative|Condition of photo intact,Data from Yale University
3896741,Parchment/papyrus,Parchment/papyrus            ,1931,Date of Photography 1931-1932,Architecture and City Planning,,Yale University Art Gallery,dura-e152~01,Dura Europos (Salahiyeh),Syria,Image source Dura field photo|Image type glass negative|Condition of photo intact,Data from Yale University
3896740,Plan,"Plan of excavation of g1|Private houses, shops",1931,Date of Photography 1931-1932,Architecture and City Planning,,Yale University Art Gallery,dura-e15~01,Dura Europos (Salahiyeh),Syria,Image source plan/drawing/reconstruction|Image type glass negative|Condition of photo intact,Data from Yale University
3896739,Plan,"Plan of excavations at g1|Private houses, shops",1931,Date of Photography 1931-1932,Architecture and City Planning,,Yale University Art Gallery,dura-e14a~01,Dura Europos (Salahiyeh),Syria,Image source plan/drawing/reconstruction|Image type glass negative|Condition of photo intact,Data from Yale University
3896738,"Papyrus/parchment, Temple",Papyrus/parchment|Temple of Azzanathkona            ,1931,Date of Photography 1931-1932,Architecture and City Planning,,Yale University Art Gallery,dura-e144~01,Dura Europos (Salahiyeh),Syria,Image source Dura field photo|Image type glass negative|Condition of photo intact,Data from Yale University
3896737,Graffito,"Graffito (#410) in records office|Private house, shop",1931,Date of Photography 1931-1932,Architecture and City Planning,,Yale University Art Gallery,dura-e142~01,Dura Europos (Salahiyeh),Syria,Image source Dura field photo|Image type glass negative|Condition of photo intact,Data from Yale University
3896736,"Graffito, Private",Graffito|Private house?            ,1931,Date of Photography 1931-1932,Architecture and City Planning,,Yale University Art Gallery,dura-e141~01,Dura Europos (Salahiyeh),Syria,Image source Dura field photo|Image type glass negative|Condition of photo intact,Data from Yale University
3896735,Graffito,"Graffito (#410) of numbers in storage area|Private house, shop",1931,Date of Photography 1931-1932,Architecture and City Planning,,Yale University Art Gallery,dura-e140~01,Dura Europos (Salahiyeh),Syria,Image source Dura field photo|Image type glass negative|Condition of photo intact,Data from Yale University
3896734,General,"General view of house b from west, across to house a|House b            ",1931,Date of Photography 1931-1932,Architecture and City Planning,,Yale University Art Gallery,dura-e139~01,Dura Europos (Salahiyeh),Syria,Image source Dura field photo|Image type film negative|Condition of photo intact,Data from Yale University
3896733,Part,"Part of stucco frieze, palmette|Private house            ",1931,Date of Photography 1931-1932,Architecture and City Planning,,Yale University Art Gallery,dura-e138~01,Dura Europos (Salahiyeh),Syria,Image source Dura field photo|Image type glass negative|Condition of photo intact,Data from Yale University
3896732,Fragment,"Fragment of stone screen, doorway 2/6, Praetorium|Praetorium",1931,Date of Photography 1931-1932,Architecture and City Planning,,Yale University Art Gallery,dura-e137~01,Dura Europos (Salahiyeh),Syria,Image source Dura field photo|Image type glass negative|Condition of photo intact,Data from Yale University
3896731,Cuneiform,Cuneiform inscription found on surface            ,1931,Date of Photography 1931-1932,Architecture and City Planning,,Yale University Art Gallery,dura-e136~01,Dura Europos (Salahiyeh),Syria,Image source Dura field photo|Image type glass negative|Condition of photo intact,Data from Yale University
3896730,Faience,"Faience incense altar|Private house, shop            ",1931,Date of Photography 1931-1932,"Architecture and City Planning|Decorative Arts, Utilitarian Objects and Interior Design",,Yale University Art Gallery,dura-e135b~01,Dura Europos (Salahiyeh),Syria,Image source Dura field photo|Image type glass negative|Condition of photo intact,Data from Yale University
3896729,Faience,"Faience incense altar|Private house, shop            ",1931,Date of Photography 1931-1932,"Architecture and City Planning|Decorative Arts, Utilitarian Objects and Interior Design",,Yale University Art Gallery,dura-e135a~01,Dura Europos (Salahiyeh),Syria,Image source Dura field photo|Image type glass negative|Condition of photo intact,Data from Yale University
3896728,Impression,"Impression of mold|Private house, shop            ",1931,Date of Photography 1931-1932,Architecture and City Planning,,Yale University Art Gallery,dura-e134~01,Dura Europos (Salahiyeh),Syria,Image source Dura field photo|Image type glass negative|Condition of photo intact,Data from Yale University
3896727,Pointed,"Pointed crown|Private house, shop            ",1931,Date of Photography 1931-1932,"Architecture and City Planning|Decorative Arts, Utilitarian Objects and Interior Design",,Yale University Art Gallery,dura-e133~01,Dura Europos (Salahiyeh),Syria,Image source Dura field photo|Image type glass negative|Condition of photo intact,Data from Yale University
3896726,Agora,"Agora, parts of blocks g1 and g3|Plan of agora, private houses",1931,Date of Photography 1931-1932,Architecture and City Planning,,Yale University Art Gallery,dura-e13~01,Dura Europos (Salahiyeh),Syria,Image source plan/drawing/reconstruction|Image type glass negative|Condition of photo intact,Data from Yale University
3896725,Papyrus,Papyrus and parchment fragments            ,1931,Date of Photography 1931-1932,"Architecture and City Planning|Decorative Arts, Utilitarian Objects and Interior Design",,Yale University Art Gallery,dura-e126~01,Dura Europos (Salahiyeh),Syria,Image source Dura field photo|Image type glass negative|Condition of photo intact,Data from Yale University
3896724,Roman,Roman lamp|Private house            ,1931,Date of Photography 1931-1932,"Architecture and City Planning|Decorative Arts, Utilitarian Objects and Interior Design",,Yale University Art Gallery,dura-e125~01,Dura Europos (Salahiyeh),Syria,Image source Dura field photo|Image type glass negative|Condition of photo intact,Data from Yale University
3896723,Stamps,Stamps on jars|Private houses            ,1931,Date of Photography 1931-1932,"Architecture and City Planning|Decorative Arts, Utilitarian Objects and Interior Design",,Yale University Art Gallery,dura-e124~01,Dura Europos (Salahiyeh),Syria,Image source Dura field photo|Image type glass negative|Condition of photo intact,Data from Yale University
3896722,Faience,"Faience storage jar|Private house, shop            ",1931,Date of Photography 1931-1932,"Architecture and City Planning|Decorative Arts, Utilitarian Objects and Interior Design",,Yale University Art Gallery,dura-e123~01,Dura Europos (Salahiyeh),Syria,Image source Dura field photo|Image type glass negative|Condition of photo intact,Data from Yale University
3896721,Faience,"Faience vase|Private house, shop            ",1931,Date of Photography 1931-1932,"Architecture and City Planning|Decorative Arts, Utilitarian Objects and Interior Design",,Yale University Art Gallery,dura-e122~01,Dura Europos (Salahiyeh),Syria,Image source Dura field photo|Image type glass negative|Condition of photo intact,Data from Yale University
3896720,Faience,Faience vase|Private house            ,1931,Date of Photography 1931-1932,"Architecture and City Planning|Decorative Arts, Utilitarian Objects and Interior Design",,Yale University Art Gallery,dura-e120~01,Dura Europos (Salahiyeh),Syria,Image source Dura field photo|Image type glass negative|Condition of photo intact,Data from Yale University
3896719,Plan,Plan of excavation in d5|Private houses,1931,Date of Photography 1931-1932,Architecture and City Planning,,Yale University Art Gallery,dura-e12~01,Dura Europos (Salahiyeh),Syria,Image source plan/drawing/reconstruction|Image type glass negative|Condition of photo intact,Data from Yale University
3896718,Plan,Plan of excavation in c7|Private houses,1931,Date of Photography 1931-1932,Architecture and City Planning,,Yale University Art Gallery,dura-e11b~01,Dura Europos (Salahiyeh),Syria,Image source plan/drawing/reconstruction|Image type glass negative|Condition of photo intact,Data from Yale University
3896717,Plan,Plan of excavation in c7|Private houses,1931,Date of Photography 1931-1932,Architecture and City Planning,,Yale University Art Gallery,dura-e11a~01,Dura Europos (Salahiyeh),Syria,Image source plan/drawing/reconstruction|Image type glass negative|Condition of photo intact,Data from Yale University
3896716,Faience,Faience vase|Private house            ,1931,Date of Photography 1931-1932,"Architecture and City Planning|Decorative Arts, Utilitarian Objects and Interior Design",,Yale University Art Gallery,dura-e119~01,Dura Europos (Salahiyeh),Syria,Image source Dura field photo|Image type glass negative|Condition of photo intact,Data from Yale University
3896715,Clay,"Clay figures|Temple of Azzanathkona (e1012); Place G (e1399); Private house (e641); Private house, street g (e1214=1932.1251); Private house (e583=1932.1258); Private house, shop (e949)",1931,Date of Photography 1931-1932,Architecture and City Planning|Sculpture and Installations,,Yale University Art Gallery,dura-e118~01,Dura Europos (Salahiyeh),Syria,Image source Dura field photo|Image type glass negative|Condition of photo intact,Data from Yale University
3896714,Fragments,2 fragments of female figures|Private house,1931,Date of Photography 1931-1932,Architecture and City Planning|Sculpture and Installations,,Yale University Art Gallery,dura-e117~01,Dura Europos (Salahiyeh),Syria,Image source Dura field photo|Image type glass negative|Condition of photo intact,Data from Yale University
3896713,Fragments,2 fragments of figures of horses|Private house,1931,Date of Photography 1931-1932,Architecture and City Planning|Sculpture and Installations,,Yale University Art Gallery,dura-e115~01,Dura Europos (Salahiyeh),Syria,Image source Dura field photo|Image type glass negative|Condition of photo intact,Data from Yale University
3896712,Faience,Faience thymiaterion in shape of camel with pack|Private house            ,1931,Date of Photography 1931-1932,"Architecture and City Planning|Decorative Arts, Utilitarian Objects and Interior Design",,Yale University Art Gallery,dura-e114~01,Dura Europos (Salahiyeh),Syria,Image source Dura field photo|Image type glass negative|Condition of photo intact,Data from Yale University
3896711,Figure,Figure of Eagle|Private house            ,1931,Date of Photography 1931-1932,Architecture and City Planning,,Yale University Art Gallery,dura-e113~01,Dura Europos (Salahiyeh),Syria,Image source Dura field photo|Image type glass negative|Condition of photo intact,Data from Yale University
3896710,Relief,"Relief of parts of man's leg and column in relief|Private house, shop            ",1931,Date of Photography 1931-1932,Architecture and City Planning,,Yale University Art Gallery,dura-e112~01,Dura Europos (Salahiyeh),Syria,Image source Dura field photo|Image type glass negative|Condition of photo intact,Data from Yale University
3896709,Bas-relief,Bas-relief of hand|House of Tribune            ,1931,Date of Photography 1931-1932,Architecture and City Planning,,Yale University Art Gallery,dura-e111~01,Dura Europos (Salahiyeh),Syria,Image source Dura field photo|Image type glass negative|Condition of photo intact,Data from Yale University
3896708,Relief,"Relief of Herakles|Private house, shop            ",1931,Date of Photography 1931-1932,Architecture and City Planning,,Yale University Art Gallery,dura-e110~01,Dura Europos (Salahiyeh),Syria,Image source Dura field photo|Image type glass negative|Condition of photo intact,Data from Yale University
3896707,Plan,Plan of excavation in Block b8|Private houses,1931,Date of Photography 1931-1932,Architecture and City Planning,,Yale University Art Gallery,dura-e10b~01,Dura Europos (Salahiyeh),Syria,Image source plan/drawing/reconstruction|Image type glass negative|Condition of photo intact,Data from Yale University
3896706,Plan,Plan of excavation in Block b8|Private houses,1931,Date of Photography 1931-1932,Architecture and City Planning,,Yale University Art Gallery,dura-e10a~01,Dura Europos (Salahiyeh),Syria,Image source plan/drawing/reconstruction|Image type glass negative|Condition of photo intact,Data from Yale University
3896705,Relief,"Relief of an armed god|private house, shop            ",1931,Date of Photography 1931-1932,Architecture and City Planning,,Yale University Art Gallery,dura-e109~01,Dura Europos (Salahiyeh),Syria,Image source Dura field photo|Image type glass negative|Condition of photo intact,Data from Yale University
3896704,Relief,"Relief of a goddess|Private house, shop            ",1931,Date of Photography 1931-1932,Architecture and City Planning,,Yale University Art Gallery,dura-e108~01,Dura Europos (Salahiyeh),Syria,Image source Dura field photo|Image type glass negative|Condition of photo intact,Data from Yale University
3896703,Relief,"Relief of Herakles|Private house, shop            ",1931,Date of Photography 1931-1932,Architecture and City Planning,,Yale University Art Gallery,dura-e107~01,Dura Europos (Salahiyeh),Syria,Image source Dura field photo|Image type glass negative|Condition of photo intact,Data from Yale University
3896702,Gypsum,"Gypsum relief of head|Private house, shop            ",1931,Date of Photography 1931-1932,Architecture and City Planning,,Yale University Art Gallery,dura-e106~01,Dura Europos (Salahiyeh),Syria,Image source Dura field photo|Image type glass negative|Condition of photo intact,Data from Yale University
3896701,Relief,"Relief showing Aphlad from naos 1, Temple of Aphlad, SW Tower|Temple of Aphlad",1931,Date of Photography 1931-1932,Architecture and City Planning,,Yale University Art Gallery,dura-e105~01,Dura Europos (Salahiyeh),Syria,Image source Dura field photo|Image type glass negative|Condition of photo intact,Data from Yale University
3896700,Relief,"Relief showing cult scene, Azzanathkona|Temple of Azzanathkona            ",1931,Date of Photography 1931-1932,Architecture and City Planning,,Yale University Art Gallery,dura-e104~01,Dura Europos (Salahiyeh),Syria,Image source Dura field photo|Image type glass negative|Condition of photo intact,Data from Yale University
3896699,Relief,Relief of Aphlad|Temple of Aphlad            ,1931,Date of Photography 1931-1932,Architecture and City Planning,,Yale University Art Gallery,dura-e103~01,Dura Europos (Salahiyeh),Syria,Image source Dura field photo|Image type glass negative|Condition of photo intact,Data from Yale University
3896698,Half,"Half of bronze foot|Private house, shop            ",1931,Date of Photography 1931-1932,Architecture and City Planning,,Yale University Art Gallery,dura-e102~01,Dura Europos (Salahiyeh),Syria,Image source Dura field photo|Image type glass negative|Condition of photo intact,Data from Yale University
3896697,Relief,Relief of Hadad|Private house            ,1931,Date of Photography 1931-1932,Architecture and City Planning,,Yale University Art Gallery,dura-e101b~01,Dura Europos (Salahiyeh),Syria,Image source Dura field photo|Image type glass negative|Condition of photo intact,Data from Yale University
3896696,Relief,Relief of Hadad|Private house            ,1931,Date of Photography 1931-1932,Architecture and City Planning,,Yale University Art Gallery,dura-e101a~01,Dura Europos (Salahiyeh),Syria,Image source Dura field photo|Image type glass negative|Condition of photo intact,Data from Yale University
3896695,Figure,"Figure of Hadad between two animals, lower part|Private house            ",1931,Date of Photography 1931-1932,Architecture and City Planning,,Yale University Art Gallery,dura-e100~01,Dura Europos (Salahiyeh),Syria,Image source Dura field photo|Image type glass negative|Condition of photo intact,Data from Yale University
3916840,Graffito,Graffito horoscope|Horoscope House            ,1928,Date of Photography 1928-1929,Architecture and City Planning,,Yale University Art Gallery,dura-b97~01,Dura Europos (Salahiyeh),Syria,Image source Dura field photo|Image type glass negative|Condition of photo intact,Data from Yale University
3916839,Citadel,"Citadel, NW Tower, skeleton of hanged man|Citadel            ",1928,Date of Photography 1928-1929,Architecture and City Planning,,Yale University Art Gallery,dura-b81~01,Dura Europos (Salahiyeh),Syria,Image source Dura field photo|Image type glass negative|Condition of photo intact,Data from Yale University
3916838,Citadel,"Citadel, exterior, NE tower|Citadel            ",1928,Date of Photography 1928-1929,Architecture and City Planning,,Yale University Art Gallery,dura-b65~01,Dura Europos (Salahiyeh),Syria,Image source Dura field photo|Image type film negative|Condition of photo intact,Data from Yale University
3916837,Tower,Tower of Archers (Tower 2) from the city|Tower of Archers,1928,Date of Photography 1928-1929,Architecture and City Planning,,Yale University Art Gallery,dura-b57~01,Dura Europos (Salahiyeh),Syria,Image source Dura field photo|Image type film negative|Condition of photo intact,Data from Yale University
3916836,Temple,"Temple of Bel, Tower entrance and Iarhibol altar|Temple of Bel/Palmyrene Gods            ",1928,Date of Photography 1928-1929,Architecture and City Planning,,Yale University Art Gallery,dura-b55~01,Dura Europos (Salahiyeh),Syria,Image source Dura field photo|Image type replacement negative|Condition of photo intact,Data from Yale University
3916835,Ceramics,Ceramics vase fragments            ,1928,Date of Photography 1928-1929,"Architecture and City Planning|Decorative Arts, Utilitarian Objects and Interior Design",,Yale University Art Gallery,dura-b313~01,Dura Europos (Salahiyeh),Syria,Image source Dura field photo|Image type glass negative|Condition of photo intact,Data from Yale University
3916834,Ceramics,Ceramics fragments            ,1928,Date of Photography 1928-1929,"Architecture and City Planning|Decorative Arts, Utilitarian Objects and Interior Design",,Yale University Art Gallery,dura-b310~01,Dura Europos (Salahiyeh),Syria,Image source Dura field photo|Image type glass negative|Condition of photo intact,Data from Yale University
3916833,Fortifications,"Fortifications, city wall, break NW of Citadel|NW of Citadel            ",1928,Date of Photography 1928-1929,Architecture and City Planning,,Yale University Art Gallery,dura-b290~01,Dura Europos (Salahiyeh),Syria,Image source Dura field photo|Image type glass negative|Condition of photo intact,Data from Yale University
3916831,Citadel,"Citadel (upper), 1st day of work|Citadel",1928,Date of Photography 1928-1929,Architecture and City Planning,,Yale University Art Gallery,dura-b285~01,Dura Europos (Salahiyeh),Syria,Image source Dura field photo|Image type glass negative|Condition of photo intact,Data from Yale University
3916830,Fragment,Fragment of plaster frieze/Roman frieze|Temple of Archers/Military Temple            ,1928,Date of Photography 1928-1929,Architecture and City Planning,,Yale University Art Gallery,dura-b283~01,Dura Europos (Salahiyeh),Syria,Image source Dura field photo|Image type glass negative|Condition of photo intact,Data from Yale University
3916829,Bath,SE end e3a|Bath,1928,Date of Photography 1928-1929,Architecture and City Planning,,Yale University Art Gallery,dura-b263b~01,Dura Europos (Salahiyeh),Syria,Image source Dura field photo|Image type film negative|Condition of photo intact,Data from Yale University
3916828,Citadel,"Citadel, NW corner and N gate, exterior|Citadel            ",1928,Date of Photography 1928-1929,Architecture and City Planning,,Yale University Art Gallery,dura-b257~01,Dura Europos (Salahiyeh),Syria,Image source Dura field photo|Image type film negative|Condition of photo intact,Data from Yale University
3916827,Citadel,"Citadel palace, central part looking north|Citadel            ",1928,Date of Photography 1928-1929,Architecture and City Planning,,Yale University Art Gallery,dura-b225~01,Dura Europos (Salahiyeh),Syria,Image source Dura field photo|Image type film negative|Condition of photo intact,Data from Yale University
3916826,a1,"a1 wells, NW of Military Temple|Military Temple",1928,Date of Photography 1928-1929,Architecture and City Planning,,Yale University Art Gallery,dura-b218~01,Dura Europos (Salahiyeh),Syria,Image source Dura field photo|Image type film negative|Condition of photo intact,Data from Yale University
3916825,"Main Gate, Palmyrene","Main Gate (Palmyrene Gate), door into s. tower|Main Gate (Palmyrene Gate)            ",1928,Date of Photography Spring 1928,Architecture and City Planning,,Yale University Art Gallery,dura-b21~01,Dura Europos (Salahiyeh),Syria,Image source Dura field photo|Image type glass negative|Condition of photo intact,Data from Yale University
3916516,"Main Gate, Palmyrene","Main Gate (Palmyrene Gate), city side (beginning of work)|Main Gate (Palmyrene Gate)            ",1928,Date of Photography Winter 1928-1929,Architecture and City Planning,,Yale University Art Gallery,dura-b19~01,Dura Europos (Salahiyeh),Syria,Image source Dura field photo|Image type film negative|Condition of photo intact,Data from Yale University
3916215,Citadel,"Citadel palace room A, columns supporting roof, looking north|Citadel            ",1928,Date of Photography 1928-1929,Architecture and City Planning,,Yale University Art Gallery,dura-b185~01,Dura Europos (Salahiyeh),Syria,Image source Dura field photo|Image type film negative|Condition of photo intact,Data from Yale University
3916214,"Main Gate, Palmyrene","Main Gate (Palmyrene Gate) passage, top of central arch|Main Gate (Palmyrene Gate)            ",1928,Date of Photography 1928-1929,Architecture and City Planning,,Yale University Art Gallery,dura-b17a~01,Dura Europos (Salahiyeh),Syria,Image source Dura field photo|Image type glass negative|Condition of photo intact,Data from Yale University
3916213,Thymiaterion|Main,Thymiaterion|Main Gate (Palmyrene Gate)            ,1928,Date of Photography 1928-1929,Architecture and City Planning,,Yale University Art Gallery,dura-b162~01,Dura Europos (Salahiyeh),Syria,Image source Dura field photo|Image type glass negative|Condition of photo intact,Data from Yale University
3916212,Inscriptions,Inscriptions (D125-130) from Main Gate (Palmyrene Gate)|Main Gate (Palmyrene Gate),1928,Date of Photography 1928-1929,Architecture and City Planning,,Yale University Art Gallery,dura-b128~01,Dura Europos (Salahiyeh),Syria,Image source Dura field photo|Image type glass negative|Condition of photo intact,Data from Yale University
3916211,Inscriptions,Inscriptions (D37-42) from Main Gate (Palmyrene Gate)|Main Gate (Palmyrene Gate),1928,Date of Photography 1928-1929,Architecture and City Planning,,Yale University Art Gallery,dura-b125~01,Dura Europos (Salahiyeh),Syria,Image source Dura field photo|Image type glass negative|Condition of photo intact,Data from Yale University
3895372,Graffito,Graffito Horoscope|Horoscpe House            ,1928,Date of Photography 1928-1929,Architecture and City Planning,,Yale University Art Gallery,dura-b99~01,Dura Europos (Salahiyeh),Syria,Image source Dura field photo|Image type glass negative|Condition of photo intact,Data from Yale University
3895371,Roman,"Roman Bath - Calidarium, foom G, showing hollow brick and passage under floor for heat|Roman Bath            ",1928,Date of Photography 1928-1929,Architecture and City Planning,,Yale University Art Gallery,dura-b98~01,Dura Europos (Salahiyeh),Syria,Image source Dura field photo|Image type glass negative|Condition of photo intact,Data from Yale University
3895370,Graffito,Graffito Horoscope|Horoscope House            ,1928,Date of Photography 1928-1929,Architecture and City Planning,,Yale University Art Gallery,dura-b96~01,Dura Europos (Salahiyeh),Syria,Image source Dura field photo|Image type glass negative|Condition of photo intact,Data from Yale University
3895369,Bath,N. Roman bath|Roman Bath            ,1928,Date of Photography 1928-1929,Architecture and City Planning,,Yale University Art Gallery,dura-b95~01,Dura Europos (Salahiyeh),Syria,Image source Dura field photo|Image type glass negative|Condition of photo intact,Data from Yale University
3895368,Military,"Military Temple (Temple of Roman Archers), view from NW Tower of citadel|Military Temple            ",1928,Date of Photography 1928-1929,Architecture and City Planning,,Yale University Art Gallery,dura-b94~01,Dura Europos (Salahiyeh),Syria,Image source Dura field photo|Image type film negative|Condition of photo intact,Data from Yale University
3895367,Military,"Military Temple, view from s.|Military Temple            ",1928,Date of Photography 1928-1929,Architecture and City Planning,,Yale University Art Gallery,dura-b93~01,Dura Europos (Salahiyeh),Syria,Image source Dura field photo|Image type glass negative|Condition of photo intact,Data from Yale University
3895366,Military,"Military Temple (Temple of Roman Archers), view from s.|Military Temple            ",1928,Date of Photography 1928-1929,Architecture and City Planning,,Yale University Art Gallery,dura-b92~01,Dura Europos (Salahiyeh),Syria,Image source Dura field photo|Image type glass negative|Condition of photo intact,Data from Yale University
3895365,Military,Military Temple (Temple of the Roman Archers)|Military Temple            ,1928,Date of Photography 1928-1929,Architecture and City Planning,,Yale University Art Gallery,dura-b91~01,Dura Europos (Salahiyeh),Syria,Image source Dura field photo|Image type glass negative|Condition of photo intact,Data from Yale University
3895364,Citadel,"Citadel, NW Tower, Military Temple (Temple of Roman Archers)|Citadel            ",1928,Date of Photography 1928-1929,Architecture and City Planning,,Yale University Art Gallery,dura-b90~01,Dura Europos (Salahiyeh),Syria,Image source Dura field photo|Image type film negative|Condition of photo intact,Data from Yale University
3895363,Fortifications,Fortifications - nw angle from exterior|Curtain Wall            ,1928,Date of Photography 1928-1929,Architecture and City Planning,,Yale University Art Gallery,dura-b9~01,Dura Europos (Salahiyeh),Syria,Image source Dura field photo|Image type glass negative|Condition of photo intact,Data from Yale University
3895362,Citadel,"Citadel, interior, SW Tower, window|Citadel            ",1928,Date of Photography 1928-1929,Architecture and City Planning,,Yale University Art Gallery,dura-b89~01,Dura Europos (Salahiyeh),Syria,Image source Dura field photo|Image type film negative|Condition of photo intact,Data from Yale University
3895361,Citadel,"Citadel, interior, SW Tower, upper windows|Citadel            ",1928,Date of Photography 1928-1929,Architecture and City Planning,,Yale University Art Gallery,dura-b88a~01,Dura Europos (Salahiyeh),Syria,Image source Dura field photo|Image type film negative|Condition of photo intact,Data from Yale University
3895360,Citadel,"Citadel, interior, s. tower, doorway|Citadel            ",1928,Date of Photography 1928-1929,Architecture and City Planning,,Yale University Art Gallery,dura-b88~01,Dura Europos (Salahiyeh),Syria,Image source Dura field photo|Image type glass negative|Condition of photo intact,Data from Yale University
3895359,Citadel,"Citadel, interior, central tower and gate|Citadel            ",1928,Date of Photography 1928-1929,Architecture and City Planning,,Yale University Art Gallery,dura-b87~01,Dura Europos (Salahiyeh),Syria,Image source Dura field photo|Image type film negative|Condition of photo intact,Data from Yale University
3895358,CItadel,"CItadel, interior, central tower and gate|Citadel            ",1928,Date of Photography 1928-1929,Architecture and City Planning,,Yale University Art Gallery,dura-b86~01,Dura Europos (Salahiyeh),Syria,Image source Dura field photo|Image type film negative|Condition of photo intact,Data from Yale University
3895357,Citadel,"Citadel, interior, catapult balls|Citadel            ",1928,Date of Photography 1928-1929,Architecture and City Planning,,Yale University Art Gallery,dura-b85~01,Dura Europos (Salahiyeh),Syria,Image source Dura field photo|Image type film negative|Condition of photo intact,Data from Yale University
3895356,Citadel,"Citadel, Palace, ""vestibule"" (probably rm. A with doorway A/A1 in foreground)|Citadel",1928,Date of Photography 1928-1929,Architecture and City Planning,,Yale University Art Gallery,dura-b84~01,Dura Europos (Salahiyeh),Syria,Image source Dura field photo|Image type film negative|Condition of photo intact,Data from Yale University
3895355,Citadel,"Citadel, Palace, cistern in court C seen from river plain|Citadel            ",1928,Date of Photography 1928-1929,Architecture and City Planning,,Yale University Art Gallery,dura-b83a~01,Dura Europos (Salahiyeh),Syria,Image source Dura field photo|Image type film negative|Condition of photo intact,Data from Yale University
3895354,Citadel,"Citadel, palace square court, detail with stylobate and column|Citadel            ",1928,Date of Photography 1928-1929,Architecture and City Planning,,Yale University Art Gallery,dura-b83~01,Dura Europos (Salahiyeh),Syria,Image source Dura field photo|Image type film negative|Condition of photo intact,Data from Yale University
3895353,Citadel,"Citadel, NW Tower, skeleton of a hanged man|Citadel            ",1928,Date of Photography 1928-1929,Architecture and City Planning,,Yale University Art Gallery,dura-b82~01,Dura Europos (Salahiyeh),Syria,Image source Dura field photo|Image type glass negative|Condition of photo intact,Data from Yale University
3895352,Citadel,"Citadel, interior, NW tower|Citadel            ",1928,Date of Photography 1928-1929,Architecture and City Planning,,Yale University Art Gallery,dura-b80~01,Dura Europos (Salahiyeh),Syria,Image source Dura field photo|Image type glass negative|Condition of photo intact,Data from Yale University
3895351,Modern,"Modern road thru w. rampart|West Rampart, Curtain Wall            ",1928,Date of Photography 1928-1929,Architecture and City Planning,,Yale University Art Gallery,dura-b8~01,Dura Europos (Salahiyeh),Syria,Image source Dura field photo|Image type film negative|Condition of photo intact,Data from Yale University
3895350,Citadel,"Citadel, interior, NW tower, blocked window|Citadel            ",1928,Date of Photography 1928-1929,Architecture and City Planning,,Yale University Art Gallery,dura-b79~01,Dura Europos (Salahiyeh),Syria,Image source Dura field photo|Image type film negative|Condition of photo intact,Data from Yale University
3895349,Citadel,"Citadel, interior, NW Tower doorway|Citadel            ",1928,Date of Photography 1928-1929,Architecture and City Planning,,Yale University Art Gallery,dura-b78~01,Dura Europos (Salahiyeh),Syria,Image source Dura field photo|Image type film negative|Condition of photo intact,Data from Yale University
3895348,Citadel,"Citadel, interior, NW tower, doorway|Citadel            ",1928,Date of Photography 1928-1929,Architecture and City Planning,,Yale University Art Gallery,dura-b77~01,Dura Europos (Salahiyeh),Syria,Image source Dura field photo|Image type film negative|Condition of photo intact,Data from Yale University
3895347,Tower 19,Tower 19|Tower 19,1928,Date of Photography 1928-1929,Architecture and City Planning,,Yale University Art Gallery,dura-b7~01,Dura Europos (Salahiyeh),Syria,Image source Dura field photo|Image type film negative|Condition of photo intact,Data from Yale University
3895346,Citadel,"Citadel, exterior, n. gate|Citadel            ",1928,Date of Photography 1928-1929,Architecture and City Planning,,Yale University Art Gallery,dura-b68~01,Dura Europos (Salahiyeh),Syria,Image source Dura field photo|Image type film negative|Condition of photo intact,Data from Yale University
3895345,Citadel,"Citadel, exterior, cut in bedrock near n. gate|Citadel            ",1928,Date of Photography 1928-1929,Architecture and City Planning,,Yale University Art Gallery,dura-b67~01,Dura Europos (Salahiyeh),Syria,Image source Dura field photo|Image type replacement negative|Condition of photo intact,Data from Yale University
3895344,Citadel,"Citadel, SE Tower and cliff|Citadel            ",1928,Date of Photography 1928-1929,Architecture and City Planning,,Yale University Art Gallery,dura-b66~01,Dura Europos (Salahiyeh),Syria,Image source Dura field photo|Image type glass negative|Condition of photo intact,Data from Yale University
3895343,Citadel,"NW corner of Citadel and Military Temple|Citadel, Military Temple            ",1928,Date of Photography 1928-1929,Architecture and City Planning,,Yale University Art Gallery,dura-b64~01,Dura Europos (Salahiyeh),Syria,Image source Dura field photo|Image type glass negative|Condition of photo intact,Data from Yale University
3895342,CItadel,"CItadel, exterior, NW corner|Citadel            ",1928,Date of Photography 1928-1929,Architecture and City Planning,,Yale University Art Gallery,dura-b62a~01,Dura Europos (Salahiyeh),Syria,Image source Dura field photo|Image type film negative|Condition of photo intact,Data from Yale University
3895341,Tower 2,N. postern gate near Tower 2|Tower of Archers,1928,Date of Photography 1928-1929,Architecture and City Planning,,Yale University Art Gallery,dura-b60~01,Dura Europos (Salahiyeh),Syria,Image source Dura field photo|Image type glass negative|Condition of photo intact,Data from Yale University
3895340,Rampart,"Rampart from top of Main Gate (Palmyrene Gate), looking north|Main Gate (Palmyrene Gate)            ",1928,Date of Photography 1928-1929,Architecture and City Planning,,Yale University Art Gallery,dura-b6~01,Dura Europos (Salahiyeh),Syria,Image source Dura field photo|Image type replacement negative|Condition of photo intact,Data from Yale University
3895339,Tower 2,N. postern gate near Tower 2|Tower of Archers,1928,Date of Photography 1928-1929,Architecture and City Planning,,Yale University Art Gallery,dura-b59~01,Dura Europos (Salahiyeh),Syria,Image source Dura field photo|Image type glass negative|Condition of photo intact,Data from Yale University
3895338,Tower 2,Tower of Archers (Tower 2) from the city (SE)|Tower of Archers,1928,Date of Photography 1928-1929,Architecture and City Planning,,Yale University Art Gallery,dura-b58~01,Dura Europos (Salahiyeh),Syria,Image source Dura field photo|Image type film negative|Condition of photo intact,Data from Yale University
3895337,Tower 1,"Tower 1, interior|Tower 1",1928,Date of Photography 1928-1929,Architecture and City Planning,,Yale University Art Gallery,dura-b56~01,Dura Europos (Salahiyeh),Syria,Image source Dura field photo|Image type film negative|Condition of photo intact,Data from Yale University
3895336,Discovery,Discovery of Iarhibol altar in Temple of Bel at entrance of Tower 1|Temple of Bel/Palmyrene Gods,1928,Date of Photography 1928-1929,Architecture and City Planning,,Yale University Art Gallery,dura-b54~01,Dura Europos (Salahiyeh),Syria,Image source Dura field photo|Image type glass negative|Condition of photo intact,Data from Yale University
3895335,Temple,"Temple of Bel, s. wall of Room K abutting against tower 1|Temple of Bel/Palmyrene Gods",1928,Date of Photography 1928-1929,Architecture and City Planning,,Yale University Art Gallery,dura-b53~01,Dura Europos (Salahiyeh),Syria,Image source Dura field photo|Image type replacement negative|Condition of photo intact,Data from Yale University
3895334,Temple,"Temple of Bel, n. wall of Room K abutting against Tower 1|Temple of Bel/Palmyrene Gods",1928,Date of Photography 1928-1929,Architecture and City Planning,,Yale University Art Gallery,dura-b52~01,Dura Europos (Salahiyeh),Syria,Image source Dura field photo|Image type film negative|Condition of photo intact,Data from Yale University
3895333,Temple,"Temple of Bel, looking NE from pronaos doorway|Temple of Bel/Palmyrene Gods            ",1928,Date of Photography 1928-1929,Architecture and City Planning,,Yale University Art Gallery,dura-b51~01,Dura Europos (Salahiyeh),Syria,Image source Dura field photo|Image type glass negative|Condition of photo intact,Data from Yale University
3895332,Temple,"Temple of Bel, pronaos columns at left, looking n. toward aedicula|Temple of Bel/Palmyrene Gods            ",1928,Date of Photography 1928-1929,Architecture and City Planning,,Yale University Art Gallery,dura-b50~01,Dura Europos (Salahiyeh),Syria,Image source Dura field photo|Image type film negative|Condition of photo intact,Data from Yale University
3895331,Wall,"Wall on S. wadi, towers overhanging s. ravine|S. Wadi, Towers 6,7,8,9,11,12,13",1928,Date of Photography 1928-1929,Architecture and City Planning,,Yale University Art Gallery,dura-b5~01,Dura Europos (Salahiyeh),Syria,Image source Dura field photo|Image type film negative|Condition of photo intact,Data from Yale University
3895330,Temple,Temple of Bel looking w. across court with Tower 1 and doorway to pronaos|Temple of Bel/Palmyrene Gods,1928,Date of Photography 1928-1929,Architecture and City Planning,,Yale University Art Gallery,dura-b48~01,Dura Europos (Salahiyeh),Syria,Image source Dura field photo|Image type film negative|Condition of photo intact,Data from Yale University
3895329,Main,"Main Gate (Palmyrene Gate), SE Tower, building outside gate|Main Gate (Palmyrene Gate)            ",1928,Date of Photography 1928-1929,Architecture and City Planning,,Yale University Art Gallery,dura-b47~01,Dura Europos (Salahiyeh),Syria,Image source Dura field photo|Image type glass negative|Condition of photo intact,Data from Yale University
3895328,Large,"Large Storage jar as found at Main Gate (Palmyrene Gate), SE Tower, ground level|Main Gate (Palmyrene Gate)            ",1928,Date of Photography 1928-1929,Architecture and City Planning,,Yale University Art Gallery,dura-b46~01,Dura Europos (Salahiyeh),Syria,Image source Dura field photo|Image type glass negative|Condition of photo intact,Data from Yale University
3895327,"Main Gate, Palmyrene","Main Gate (Palmyrene Gate), SE Tower, upper level door s. to wall|Main Gate (Palmyrene Gate)            ",1928,Date of Photography 1928-1929,Architecture and City Planning,,Yale University Art Gallery,dura-b45~01,Dura Europos (Salahiyeh),Syria,Image source Dura field photo|Image type glass negative|Condition of photo intact,Data from Yale University
3895326,"Main Gate, Palmyrene","Main Gate (Palmyrene Gate), NE Tower, crosswall of mudbrick|Main Gate (Palmyrene Gate)            ",1928,Date of Photography 1928-1929,Architecture and City Planning,,Yale University Art Gallery,dura-b44~01,Dura Europos (Salahiyeh),Syria,Image source Dura field photo|Image type glass negative|Condition of photo intact,Data from Yale University
3895325,"Main Gate, Palmyrene","Main Gate (Palmyrene Gate), SW Tower, window in w. face|Main Gate (Palmyrene Gate)            ",1928,Date of Photography 1928-1929,Architecture and City Planning,,Yale University Art Gallery,dura-b43~01,Dura Europos (Salahiyeh),Syria,Image source Dura field photo|Image type film negative|Condition of photo intact,Data from Yale University
3895324,"Main Gate, Palmyrene","Main Gate (Palmyrene Gate), SE Tower, beams of upper flooring|Main Gate (Palmyrene Gate)            ",1928,Date of Photography 1928-1929,Architecture and City Planning,,Yale University Art Gallery,dura-b42~01,Dura Europos (Salahiyeh),Syria,Image source Dura field photo|Image type glass negative|Condition of photo intact,Data from Yale University
3895323,"Main Gate, Palmyrene","Main Gate (Palmyrene Gate), SE Tower, upper level floor beams|Main Gate (Palmyrene Gate)            ",1928,Date of Photography 1928-1929,Architecture and City Planning,,Yale University Art Gallery,dura-b41~01,Dura Europos (Salahiyeh),Syria,Image source Dura field photo|Image type glass negative|Condition of photo intact,Data from Yale University
3895322,"Main Gate, Palmyrene","Main Gate (Palmyrene Gate), SE Tower, upper level|Main Gate (Palmyrene Gate)            ",1928,Date of Photography 1928-1929,Architecture and City Planning,,Yale University Art Gallery,dura-b40~01,Dura Europos (Salahiyeh),Syria,Image source Dura field photo|Image type glass negative|Condition of photo intact,Data from Yale University
3895321,"Main Gate, Palmyrene","Main Gate (Palmyrene Gate), SW Tower looking toward NW corner, window in w. face, upper level|Main Gate (Palmyrene Gate)            ",1928,Date of Photography 1928-1929,Architecture and City Planning,,Yale University Art Gallery,dura-b39~01,Dura Europos (Salahiyeh),Syria,Image source Dura field photo|Image type glass negative|Condition of photo intact,Data from Yale University
3895320,"Main Gate, Palmyrene","Main Gate (Palmyrene Gate), NW tower, upper level|Main Gate (Palmyrene Gate)            ",1928,Date of Photography 1928-1929,Architecture and City Planning,,Yale University Art Gallery,dura-b38~01,Dura Europos (Salahiyeh),Syria,Image source Dura field photo|Image type glass negative|Condition of photo intact,Data from Yale University
3895319,"Main Gate, Palmyrene","Main Gate (Palmyrene Gate), SW Tower, supporting pier for flight of steps|Main Gate (Palmyrene Gate)            ",1928,Date of Photography 1928-1929,Architecture and City Planning,,Yale University Art Gallery,dura-b37~01,Dura Europos (Salahiyeh),Syria,Image source Dura field photo|Image type glass negative|Condition of photo intact,Data from Yale University
3895318,"Main Gate, Palmyrene","Main Gate (Palmyrene Gate), SW tower interior, steps|Main Gate (Palmyrene Gate)            ",1928,Date of Photography 1928-1929,Architecture and City Planning,,Yale University Art Gallery,dura-b36~01,Dura Europos (Salahiyeh),Syria,Image source Dura field photo|Image type glass negative|Condition of photo intact,Data from Yale University
3895317,"Main Gate, Palmyrene","Main Gate (Palmyrene Gate), SW tower from SE|Main Gate (Palmyrene Gate)            ",1928,Date of Photography 1928-1929,Architecture and City Planning,,Yale University Art Gallery,dura-b35~01,Dura Europos (Salahiyeh),Syria,Image source Dura field photo|Image type glass negative|Condition of photo intact,Data from Yale University
3895316,L8,L8 House from top of Palmyrene Gate|L8,1928,Date of Photography 1928-1929,Architecture and City Planning,,Yale University Art Gallery,dura-b33~01,Dura Europos (Salahiyeh),Syria,Image source Dura field photo|Image type glass negative|Condition of photo intact,Data from Yale University
3895315,View,View of Main Gate (Palmyrene Gate) from NW|Main Gate (Palmyrene Gate)            ,1928,Date of Photography 1928-1929,Architecture and City Planning,,Yale University Art Gallery,dura-b320~01,Dura Europos (Salahiyeh),Syria,Image source Dura field photo|Image type film negative|Condition of photo intact,Data from Yale University
3895314,"Main Gate, Palmyrene","Main Gate (Palmyrene Gate), SE tower, upper level|Main Gate (Palmyrene Gate)            ",1928,Date of Photography 1928-1929,Architecture and City Planning,,Yale University Art Gallery,dura-b32~01,Dura Europos (Salahiyeh),Syria,Image source Dura field photo|Image type glass negative|Condition of photo intact,Data from Yale University
3895313,Ceramics,Ceramics jar handle with inscription Ilalue            ,1928,Date of Photography 1928-1929,"Architecture and City Planning|Decorative Arts, Utilitarian Objects and Interior Design",,Yale University Art Gallery,dura-b319~01,Dura Europos (Salahiyeh),Syria,Image source Dura field photo|Image type glass negative|Condition of photo intact,Data from Yale University
3895312,Ceramics,Ceramics Roman lamps            ,1928,Date of Photography 1928-1929,"Architecture and City Planning|Decorative Arts, Utilitarian Objects and Interior Design",,Yale University Art Gallery,dura-b318~01,Dura Europos (Salahiyeh),Syria,Image source Dura field photo|Image type glass negative|Condition of photo intact,Data from Yale University
3895311,Ceramics,Ceramics 3 vases,1928,Date of Photography 1928-1929,"Architecture and City Planning|Decorative Arts, Utilitarian Objects and Interior Design",,Yale University Art Gallery,dura-b317~01,Dura Europos (Salahiyeh),Syria,Image source Dura field photo|Image type glass negative|Condition of photo intact,Data from Yale University
3895310,Ceramics,Ceramics lamps            ,1928,Date of Photography 1928-1929,"Architecture and City Planning|Decorative Arts, Utilitarian Objects and Interior Design",,Yale University Art Gallery,dura-b316~01,Dura Europos (Salahiyeh),Syria,Image source Dura field photo|Image type glass negative|Condition of photo intact,Data from Yale University
3895309,Glass,Glass fragments            ,1928,Date of Photography 1928-1929,"Architecture and City Planning|Decorative Arts, Utilitarian Objects and Interior Design",,Yale University Art Gallery,dura-b315~01,Dura Europos (Salahiyeh),Syria,Image source Dura field photo|Image type glass negative|Condition of photo intact,Data from Yale University
3895308,Ceramics,Ceramics lamps            ,1928,Date of Photography 1928-1929,"Architecture and City Planning|Decorative Arts, Utilitarian Objects and Interior Design",,Yale University Art Gallery,dura-b314~01,Dura Europos (Salahiyeh),Syria,Image source Dura field photo|Image type glass negative|Condition of photo intact,Data from Yale University
3895307,Ceramics,Ceramics fragments            ,1928,Date of Photography 1928-1929,"Architecture and City Planning|Decorative Arts, Utilitarian Objects and Interior Design",,Yale University Art Gallery,dura-b312~01,Dura Europos (Salahiyeh),Syria,Image source Dura field photo|Image type glass negative|Condition of photo intact,Data from Yale University
3895306,Ceramics,Ceramics fragments            ,1928,Date of Photography 1928-1929,"Architecture and City Planning|Decorative Arts, Utilitarian Objects and Interior Design",,Yale University Art Gallery,dura-b311~01,Dura Europos (Salahiyeh),Syria,Image source Dura field photo|Image type glass negative|Condition of photo intact,Data from Yale University
3895305,Main,"Main Gate (Palmyrene Gate), plaster steps, foot of n. tower, city side|Main Gate (Palmyrene Gate)            ",1928,Date of Photography 1928-1929,Architecture and City Planning,,Yale University Art Gallery,dura-b31~01,Dura Europos (Salahiyeh),Syria,Image source Dura field photo|Image type glass negative|Condition of photo intact,Data from Yale University
3895304,Ceramics,"Ceramics, horse and swastika stamp, lamp and fragments            ",1928,Date of Photography 1928-1929,"Architecture and City Planning|Decorative Arts, Utilitarian Objects and Interior Design",,Yale University Art Gallery,dura-b309~01,Dura Europos (Salahiyeh),Syria,Image source Dura field photo|Image type glass negative|Condition of photo intact,Data from Yale University
3895303,Jar,3 jars,1928,Date of Photography 1928-1929,"Architecture and City Planning|Decorative Arts, Utilitarian Objects and Interior Design",,Yale University Art Gallery,dura-b308~01,Dura Europos (Salahiyeh),Syria,Image source Dura field photo|Image type glass negative|Condition of photo intact,Data from Yale University
3895302,Parthian,Parthian type lamps            ,1928,Date of Photography 1928-1929,"Architecture and City Planning|Decorative Arts, Utilitarian Objects and Interior Design",,Yale University Art Gallery,dura-b307~01,Dura Europos (Salahiyeh),Syria,Image source Dura field photo|Image type glass negative|Condition of photo intact,Data from Yale University
3895301,Fragments,Fragments (ceramics)            ,1928,Date of Photography 1928-1929,"Architecture and City Planning|Decorative Arts, Utilitarian Objects and Interior Design",,Yale University Art Gallery,dura-b306~01,Dura Europos (Salahiyeh),Syria,Image source Dura field photo|Image type glass negative|Condition of photo intact,Data from Yale University
3895300,Fragments,Fragments (ceramics)            ,1928,Date of Photography 1928-1929,"Architecture and City Planning|Decorative Arts, Utilitarian Objects and Interior Design",,Yale University Art Gallery,dura-b305~01,Dura Europos (Salahiyeh),Syria,Image source Dura field photo|Image type glass negative|Condition of photo intact,Data from Yale University
3895299,Ceramics,Ceramics            ,1928,Date of Photography 1928-1929,"Architecture and City Planning|Decorative Arts, Utilitarian Objects and Interior Design",,Yale University Art Gallery,dura-b304~01,Dura Europos (Salahiyeh),Syria,Image source Dura field photo|Image type film negative|Condition of photo intact,Data from Yale University
3895298,Weights,"Weights, spindle wheels (?)            ",1928,Date of Photography 1928-1929,"Architecture and City Planning|Decorative Arts, Utilitarian Objects and Interior Design",,Yale University Art Gallery,dura-b303~01,Dura Europos (Salahiyeh),Syria,Image source Dura field photo|Image type film negative|Condition of photo intact,Data from Yale University
3895297,Ceramics,Ceramics cover fragments            ,1928,Date of Photography 1928-1929,"Architecture and City Planning|Decorative Arts, Utilitarian Objects and Interior Design",,Yale University Art Gallery,dura-b302~01,Dura Europos (Salahiyeh),Syria,Image source Dura field photo|Image type film negative|Condition of photo intact,Data from Yale University
3895296,Ceramics,Ceramics dishes            ,1928,Date of Photography 1928-1929,"Architecture and City Planning|Decorative Arts, Utilitarian Objects and Interior Design",,Yale University Art Gallery,dura-b301~01,Dura Europos (Salahiyeh),Syria,Image source Dura field photo|Image type film negative|Condition of photo intact,Data from Yale University
3895295,Ceramics,Ceramics and wooden combs            ,1928,Date of Photography 1928-1929,"Architecture and City Planning|Decorative Arts, Utilitarian Objects and Interior Design",,Yale University Art Gallery,dura-b300b~01,Dura Europos (Salahiyeh),Syria,Image source Dura field photo|Image type film negative|Condition of photo intact,Data from Yale University
3895294,Ceramics,Ceramics and wooden combs            ,1928,Date of Photography 1928-1929,"Architecture and City Planning|Decorative Arts, Utilitarian Objects and Interior Design",,Yale University Art Gallery,dura-b300a~01,Dura Europos (Salahiyeh),Syria,Image source Dura field photo|Image type film negative|Condition of photo intact,Data from Yale University
3895293,"Main Gate, Palmyrene","Main Gate (Palmyrene Gate), e. end of passage and altar|Main Gate (Palmyrene Gate)            ",1928,Date of Photography 1928-1929,Architecture and City Planning,,Yale University Art Gallery,dura-ds30~01,Dura Europos (Salahiyeh),Syria,Image source Dura field photo|Image type film negative|Condition of photo intact,Data from Yale University
3895292,Ceramics,"Ceramics, crude vase            ",1928,Date of Photography 1928-1929,"Architecture and City Planning|Decorative Arts, Utilitarian Objects and Interior Design",,Yale University Art Gallery,dura-b299~01,Dura Europos (Salahiyeh),Syria,Image source Dura field photo|Image type film negative|Condition of photo intact,Data from Yale University
3895291,Citadel,"Citadel, excavations just outside NW corner|Citadel            ",1928,Date of Photography 1928-1929,Architecture and City Planning,,Yale University Art Gallery,dura-b298~01,Dura Europos (Salahiyeh),Syria,Image source Dura field photo|Image type glass negative|Condition of photo intact,Data from Yale University
3895290,Citadel,"Citadel, N wall|Citadel            ",1928,Date of Photography 1928-1929,Architecture and City Planning,,Yale University Art Gallery,dura-b297~01,Dura Europos (Salahiyeh),Syria,Image source Dura field photo|Image type glass negative|Condition of photo intact,Data from Yale University
3895289,Citadel,"Citadel, SW Tower, south niche|Citadel            ",1928,Date of Photography 1928-1929,Architecture and City Planning,,Yale University Art Gallery,dura-b296~01,Dura Europos (Salahiyeh),Syria,Image source Dura field photo|Image type glass negative|Condition of photo intact,Data from Yale University
3895288,Fortifications,"Fortifications, city wall, break NW of Citadel|NW of Citadel            ",1928,Date of Photography 1928-1929,Architecture and City Planning,,Yale University Art Gallery,dura-b294~01,Dura Europos (Salahiyeh),Syria,Image source Dura field photo|Image type glass negative|Condition of photo intact,Data from Yale University
3895287,Citadel,"Citadel, SW Tower, top of south niche|Citadel            ",1928,Date of Photography 1928-1929,Architecture and City Planning,,Yale University Art Gallery,dura-b293~01,Dura Europos (Salahiyeh),Syria,Image source Dura field photo|Image type glass negative|Condition of photo intact,Data from Yale University
3895286,Citadel,"Citadel, interior, looking toward NW corner from break in west wall|Citadel            ",1928,Date of Photography 1928-1929,Architecture and City Planning,,Yale University Art Gallery,dura-b292~01,Dura Europos (Salahiyeh),Syria,Image source Dura field photo|Image type glass negative|Condition of photo intact,Data from Yale University
3895285,Fortifications,"Fortifications, city wall, break NW of Citadel|NW of Citadel            ",1928,Date of Photography 1928-1929,Architecture and City Planning,,Yale University Art Gallery,dura-b291~01,Dura Europos (Salahiyeh),Syria,Image source Dura field photo|Image type glass negative|Condition of photo intact,Data from Yale University
3895284,Citadel,"Citadel, NW Tower|Citadel            ",1928,Date of Photography 1928-1929,Architecture and City Planning,,Yale University Art Gallery,dura-b289~01,Dura Europos (Salahiyeh),Syria,Image source Dura field photo|Image type glass negative|Condition of photo intact,Data from Yale University
3895283,Fortifications,"Fortifications, city wall, break NW of Citadel|NW of Citadel            ",1928,Date of Photography 1928-1929,Architecture and City Planning,,Yale University Art Gallery,dura-b288~01,Dura Europos (Salahiyeh),Syria,Image source Dura field photo|Image type glass negative|Condition of photo intact,Data from Yale University
3895282,Fortifications,"Fortifications, city wall, break NW of Citadel|NW of Citadel            ",1928,Date of Photography 1928-1929,Architecture and City Planning,,Yale University Art Gallery,dura-b287~01,Dura Europos (Salahiyeh),Syria,Image source Dura field photo|Image type glass negative|Condition of photo intact,Data from Yale University
3895281,Citadel,"Citadel, first day of work|Citadel            ",1928,Date of Photography 1928-1929,Architecture and City Planning,,Yale University Art Gallery,dura-b286~01,Dura Europos (Salahiyeh),Syria,Image source Dura field photo|Image type glass negative|Condition of photo intact,Data from Yale University
3895280,Roman,Roman jars from Roman Garrison|Temple of Archers/Military Temple            ,1928,Date of Photography 1928-1929,"Architecture and City Planning|Decorative Arts, Utilitarian Objects and Interior Design",,Yale University Art Gallery,dura-b284~01,Dura Europos (Salahiyeh),Syria,Image source Dura field photo|Image type glass negative|Condition of photo intact,Data from Yale University
3895279,Faience,"Faience vase, broken, from Temple of Archers|Temple of Archers/Military Temple            ",1928,Date of Photography 1928-1929,"Architecture and City Planning|Decorative Arts, Utilitarian Objects and Interior Design",,Yale University Art Gallery,dura-b282~01,Dura Europos (Salahiyeh),Syria,Image source Dura field photo|Image type glass negative|Condition of photo intact,Data from Yale University
3895278,Temple,"Temple of Archers, altar with inscription|Temple of Archers/Military Temple            ",1928,Date of Photography 1928-1929,Architecture and City Planning,,Yale University Art Gallery,dura-b281~01,Dura Europos (Salahiyeh),Syria,Image source Dura field photo|Image type glass negative|Condition of photo intact,Data from Yale University
3895277,Temple,"Temple of Archers, beginning of excavations|Temple of Archers/Military Temple            ",1928,Date of Photography 1928-1929,Architecture and City Planning,,Yale University Art Gallery,dura-b280~01,Dura Europos (Salahiyeh),Syria,Image source Dura field photo|Image type glass negative|Condition of photo intact,Data from Yale University
3895276,Main,"Main Gate (Palmyrene Gate), springing of central arch, n. side|Main Gate (Palmyrene Gate)            ",1928,Date of Photography 1928-1929,Architecture and City Planning,,Yale University Art Gallery,dura-b28~01,Dura Europos (Salahiyeh),Syria,Image source Dura field photo|Image type film negative|Condition of photo intact,Data from Yale University
3895275,Temple,"Temple of Archers, general view|Temple of Archers/Military Temple            ",1928,Date of Photography 1928-1929,Architecture and City Planning,,Yale University Art Gallery,dura-b278~01,Dura Europos (Salahiyeh),Syria,Image source Dura field photo|Image type glass negative|Condition of photo intact,Data from Yale University
3895274,Jar,Jar|house west of Temple of the Archers/Military Temple            ,1928,Date of Photography 1928-1929,"Architecture and City Planning|Decorative Arts, Utilitarian Objects and Interior Design",,Yale University Art Gallery,dura-b277~01,Dura Europos (Salahiyeh),Syria,Image source Dura field photo|Image type film negative|Condition of photo intact,Data from Yale University
3895273,"Main Gate, Palmyrene","Main Gate (Palmyrene Gate), altar - South side|Main Gate (Palmyrene Gate)            ",1928,Date of Photography 1928-1929,Architecture and City Planning,,Yale University Art Gallery,dura-b276~01,Dura Europos (Salahiyeh),Syria,Image source Dura field photo|Image type glass negative|Condition of photo intact,Data from Yale University
3895272,"Main Gate, Palmyrene","Main Gate (Palmyrene Gate), S wall, inscription (D31)|Main Gate (Palmyrene Gate)",1928,Date of Photography 1928-1929,Architecture and City Planning,,Yale University Art Gallery,dura-b275~01,Dura Europos (Salahiyeh),Syria,Image source Dura field photo|Image type glass negative|Condition of photo intact,Data from Yale University
3895271,"Main Gate, Palmyrene","Main Gate (Palmyrene Gate), inscription, N wall|Main Gate (Palmyrene Gate)            ",1928,Date of Photography 1928-1929,Architecture and City Planning,,Yale University Art Gallery,dura-b274~01,Dura Europos (Salahiyeh),Syria,Image source Dura field photo|Image type glass negative|Condition of photo intact,Data from Yale University
3895270,"Main Gate, Palmyrene","Main Gate (Palmyrene Gate), SE Tower, floor fallen in|Main Gate (Palmyrene Gate)            ",1928,Date of Photography 1928-1929,Architecture and City Planning,,Yale University Art Gallery,dura-b273~01,Dura Europos (Salahiyeh),Syria,Image source Dura field photo|Image type glass negative|Condition of photo intact,Data from Yale University
3895269,"Main Gate, Palmyrene","Main Gate (Palmyrene Gate), altar|Main Gate (Palmyrene Gate)            ",1928,Date of Photography 1928-1929,Architecture and City Planning,,Yale University Art Gallery,dura-b272~01,Dura Europos (Salahiyeh),Syria,Image source Dura field photo|Image type glass negative|Condition of photo intact,Data from Yale University
3895268,"Main Gate, Palmyrene","Main Gate (Palmyrene Gate), SE Tower, floor fallen in|Main Gate (Palmyrene Gate)            ",1928,Date of Photography 1928-1929,Architecture and City Planning,,Yale University Art Gallery,dura-b271~01,Dura Europos (Salahiyeh),Syria,Image source Dura field photo|Image type glass negative|Condition of photo intact,Data from Yale University
3895267,"Main Gate, Palmyrene","Main Gate (Palmyrene Gate), NE Tower, outside stairway|Main Gate (Palmyrene Gate)            ",1928,Date of Photography 1928-1929,Architecture and City Planning,,Yale University Art Gallery,dura-b270f~01,Dura Europos (Salahiyeh),Syria,Image source Dura field photo|Image type film negative|Condition of photo intact,Data from Yale University
3895266,"Main Gate, Palmyrene","Main Gate (Palmyrene Gate), Inscription Adaios on wall, N side between central and desert arch|Main Gate (Palmyrene Gate)            ",1928,Date of Photography 1928-1929,Architecture and City Planning,,Yale University Art Gallery,dura-b270e~01,Dura Europos (Salahiyeh),Syria,Image source Dura field photo|Image type film negative|Condition of photo intact,Data from Yale University
3895265,"Main Gate, Palmyrene","Main Gate (Palmyrene Gate), altars on South side|Main Gate (Palmyrene Gate)            ",1928,Date of Photography 1928-1929,Architecture and City Planning,,Yale University Art Gallery,dura-b270d~01,Dura Europos (Salahiyeh),Syria,Image source Dura field photo|Image type film negative|Condition of photo intact,Data from Yale University
3895264,"Main Gate, Palmyrene","Main Gate (Palmyrene Gate), hole for door bar|Main Gate (Palmyrene Gate)            ",1928,Date of Photography 1928-1929,Architecture and City Planning,,Yale University Art Gallery,dura-b270c~01,Dura Europos (Salahiyeh),Syria,Image source Dura field photo|Image type film negative|Condition of photo intact,Data from Yale University
3895263,"Main Gate, Palmyrene","Main Gate (Palmyrene Gate), South Tower viewed from above|Main Gate (Palmyrene Gate)            ",1928,Date of Photography 1928-1929,Architecture and City Planning,,Yale University Art Gallery,dura-b270b~01,Dura Europos (Salahiyeh),Syria,Image source Dura field photo|Image type glass negative|Condition of photo intact,Data from Yale University
3895262,"Main Gate, Palmyrene","Main Gate (Palmyrene Gate), hole for door bar N side|Main Gate (Palmyrene Gate)            ",1928,Date of Photography 1928-1929,Architecture and City Planning,,Yale University Art Gallery,dura-b270a~01,Dura Europos (Salahiyeh),Syria,Image source Dura field photo|Image type film negative|Condition of photo intact,Data from Yale University
3895261,"Main Gate, Palmyrene","Main Gate (Palmyrene Gate), hole for door bar, N side|Main Gate (Palmyrene Gate)            ",1928,Date of Photography 1928-1929,Architecture and City Planning,,Yale University Art Gallery,dura-b270~01,Dura Europos (Salahiyeh),Syria,Image source Dura field photo|Image type film negative|Condition of photo intact,Data from Yale University
3895260,"Main Gate, Palmyrene","Main Gate (Palmyrene Gate), altar on s. side|Main Gate (Palmyrene Gate)            ",1928,Date of Photography 1928-1929,Architecture and City Planning,,Yale University Art Gallery,dura-b27~01,Dura Europos (Salahiyeh),Syria,Image source Dura field photo|Image type glass negative|Condition of photo intact,Data from Yale University
3895259,Bronze,Bronze swastika with inscription|Main Gate (Palmyrene Gate)            ,1928,Date of Photography 1928-1929,Architecture and City Planning,,Yale University Art Gallery,dura-b269~01,Dura Europos (Salahiyeh),Syria,Image source Dura field photo|Image type glass negative|Condition of photo intact,Data from Yale University
3895258,"Main Gate, Palmyrene","Main Gate (Palmyrene Gate), N side passage with inscriptions|Main Gate (Palmyrene Gate)            ",1928,Date of Photography 1928-1929,Architecture and City Planning,,Yale University Art Gallery,dura-b268~01,Dura Europos (Salahiyeh),Syria,Image source Dura field photo|Image type glass negative|Condition of photo intact,Data from Yale University
3895257,Iron,"Iron wheels from near Main Gate|Tychaeum, private houses            ",1928,Date of Photography 1928-1929,Architecture and City Planning,,Yale University Art Gallery,dura-b265~01,Dura Europos (Salahiyeh),Syria,Image source Dura field photo|Image type glass negative|Condition of photo intact,Data from Yale University
3895256,"Main Gate, Palmyrene","Main Gate (Palmyrene Gate), painted wooden inscription|Main Gate (Palmyrene Gate)            ",1928,Date of Photography 1928-1929,Architecture and City Planning,,Yale University Art Gallery,dura-b264~01,Dura Europos (Salahiyeh),Syria,Image source Dura field photo|Image type glass negative|Condition of photo intact,Data from Yale University
3895255,e3,"e3, ?|Bath",1928,Date of Photography 1928-1929,Architecture and City Planning,,Yale University Art Gallery,dura-b263o~01,Dura Europos (Salahiyeh),Syria,Image source Dura field photo|Image type film negative|Condition of photo intact,Data from Yale University
3895254,e3c,"e3c, hypocaust|Bath",1928,Date of Photography 1928-1929,Architecture and City Planning,,Yale University Art Gallery,dura-b263n~01,Dura Europos (Salahiyeh),Syria,Image source Dura field photo|Image type film negative|Condition of photo intact,Data from Yale University
3895253,e3,"e3, columns of heating corridor (?)|Bath",1928,Date of Photography 1928-1929,Architecture and City Planning,,Yale University Art Gallery,dura-b263m~01,Dura Europos (Salahiyeh),Syria,Image source Dura field photo|Image type film negative|Condition of photo intact,Data from Yale University
3895252,e3,"e3, furnace at west with entrance to C|Bath",1928,Date of Photography 1928-1929,Architecture and City Planning,,Yale University Art Gallery,dura-b263l~01,Dura Europos (Salahiyeh),Syria,Image source Dura field photo|Image type film negative|Condition of photo intact,Data from Yale University
3895251,e3,"e3, colonnade at west|Bath",1928,Date of Photography 1928-1929,Architecture and City Planning,,Yale University Art Gallery,dura-b263k~01,Dura Europos (Salahiyeh),Syria,Image source Dura field photo|Image type film negative|Condition of photo intact,Data from Yale University
3895250,e3f,"e3f, west end|Bath",1928,Date of Photography 1928-1929,Architecture and City Planning,,Yale University Art Gallery,dura-b263j~01,Dura Europos (Salahiyeh),Syria,Image source Dura field photo|Image type film negative|Condition of photo intact,Data from Yale University
3895249,e3,"e3, flue leading into C from west|Bath",1928,Date of Photography 1928-1929,Architecture and City Planning,,Yale University Art Gallery,dura-b263i~01,Dura Europos (Salahiyeh),Syria,Image source Dura field photo|Image type film negative|Condition of photo intact,Data from Yale University
3895248,e3-3,e3-3 hear passage under wall|Bath,1928,Date of Photography 1928-1929,Architecture and City Planning,,Yale University Art Gallery,dura-b263h~01,Dura Europos (Salahiyeh),Syria,Image source Dura field photo|Image type film negative|Condition of photo intact,Data from Yale University
3895247,e3-2,e3-2|Bath,1928,Date of Photography 1928-1929,Architecture and City Planning,,Yale University Art Gallery,dura-b263g~01,Dura Europos (Salahiyeh),Syria,Image source Dura field photo|Image type film negative|Condition of photo intact,Data from Yale University
3895246,e3c,"e3c NW corner, apsidal pool|Bath",1928,Date of Photography 1928-1929,Architecture and City Planning,,Yale University Art Gallery,dura-b263f~01,Dura Europos (Salahiyeh),Syria,Image source Dura field photo|Image type Dura field photo|Condition of photo intact,Data from Yale University
3895245,e3-2,e3-2 view to e3c|Bath,1928,Date of Photography 1928-1929,Architecture and City Planning,,Yale University Art Gallery,dura-b263e~01,Dura Europos (Salahiyeh),Syria,Image source Dura field photo|Image type film negative|Condition of photo intact,Data from Yale University
3895244,e3-2,"e3-2 NE corner apsidal chamber, fallen floor|Bath",1928,Date of Photography 1928-1929,Architecture and City Planning,,Yale University Art Gallery,dura-b263d~01,Dura Europos (Salahiyeh),Syria,Image source Dura field photo|Image type film negative|Condition of photo intact,Data from Yale University
3895243,e3,"e3, 1 at We end pool, and passage to e3c|Bath",1928,Date of Photography 1928-1929,Architecture and City Planning,,Yale University Art Gallery,dura-b263c~01,Dura Europos (Salahiyeh),Syria,Image source Dura field photo|Image type film negative|Condition of photo intact,Data from Yale University
3895242,Arch,"Arch at entrance to furnace W of Room C|Bath, West of Room C            ",1928,Date of Photography 1928-1929,Architecture and City Planning,,Yale University Art Gallery,dura-b263a~01,Dura Europos (Salahiyeh),Syria,Image source Dura field photo|Image type film negative|Condition of photo intact,Data from Yale University
3895241,Silver,Silver jewelry|several            ,1928,Date of Photography 1928-1929,"Architecture and City Planning|Fashion, Costume and Jewelry",,Yale University Art Gallery,dura-b262~01,Dura Europos (Salahiyeh),Syria,Image source Dura field photo|Image type glass negative|Condition of photo intact,Data from Yale University
3895240,Jewelry,"Assorted jewelry|Tychaeum, private houses            ",1928,Date of Photography 1928-1929,"Architecture and City Planning|Fashion, Costume and Jewelry",,Yale University Art Gallery,dura-b261~01,Dura Europos (Salahiyeh),Syria,Image source Dura field photo|Image type glass negative|Condition of photo intact,Data from Yale University
3895239,Silver,Silver Bracelet|Temple of Bel/Palmyrene Gods            ,1928,Date of Photography 1928-1929,"Architecture and City Planning|Fashion, Costume and Jewelry",,Yale University Art Gallery,dura-b260~01,Dura Europos (Salahiyeh),Syria,Image source Dura field photo|Image type glass negative|Condition of photo intact,Data from Yale University
3895238,"Main Gate, Palmyrene","Main Gate (Palmyrene Gate), e. side, closing of central door|Main Gate (Palmyrene Gate)            ",1928,Date of Photography 1928-1929,Architecture and City Planning,,Yale University Art Gallery,dura-b26~01,Dura Europos (Salahiyeh),Syria,Image source Dura field photo|Image type glass negative|Condition of photo broken,Data from Yale University
3895237,Horoscope,Horoscope on wall|c8 (private house),1928,Date of Photography 1928-1929,Architecture and City Planning,,Yale University Art Gallery,dura-b259~01,Dura Europos (Salahiyeh),Syria,Image source Dura field photo|Image type glass slide|Condition of photo intact,Data from Yale University
3895236,"Main Gate, Palmyrene","Main Gate (Palmyrene Gate), SW Tower, fresco frag|Main Gate (Palmyrene Gate)            ",1928,Date of Photography 1928-1929,Architecture and City Planning,,Yale University Art Gallery,dura-b258~01,Dura Europos (Salahiyeh),Syria,Image source Dura field photo|Image type glass negative|Condition of photo intact,Data from Yale University
3895235,Citadel,"Citadel, stairway by east rampart, quarry cutting|Citadel            ",1928,Date of Photography 1928-1929,Architecture and City Planning,,Yale University Art Gallery,dura-b256~01,Dura Europos (Salahiyeh),Syria,Image source Dura field photo|Image type film negative|Condition of photo intact,Data from Yale University
3895234,Fortifications,"Fortifications, city wall, break NW of Citadel|NW of Citadel            ",1928,Date of Photography 1928-1929,Architecture and City Planning,,Yale University Art Gallery,dura-b254~01,Dura Europos (Salahiyeh),Syria,Image source Dura field photo|Image type film negative|Condition of photo intact,Data from Yale University
3895233,Citadel,"Citadel, NE side door?, NW corner?|Citadel            ",1928,Date of Photography 1928-1929,Architecture and City Planning,,Yale University Art Gallery,dura-b253~01,Dura Europos (Salahiyeh),Syria,Image source Dura field photo|Image type film negative|Condition of photo intact,Data from Yale University
3895232,"Main Gate, Palmyrene",Main Gate (Palmyrene Gate) from outside city|Main Gate (Palmyrene Gate)            ,1928,Date of Photography 1928-1929,Architecture and City Planning,,Yale University Art Gallery,dura-b252~01,Dura Europos (Salahiyeh),Syria,Image source Dura field photo|Image type film negative|Condition of photo intact,Data from Yale University
3895231,Citadel,"Citadel, NW exterior corner and north gate|Citadel            ",1928,Date of Photography 1928-1929,Architecture and City Planning,,Yale University Art Gallery,dura-b250~01,Dura Europos (Salahiyeh),Syria,Image source Dura field photo|Image type film negative|Condition of photo intact,Data from Yale University
3895230,Citadel,"Citadel, angle NW, staircase in street|Citadel            ",1928,Date of Photography 1928-1929,Architecture and City Planning,,Yale University Art Gallery,dura-b249~01,Dura Europos (Salahiyeh),Syria,Image source Dura field photo|Image type film negative|Condition of photo intact,Data from Yale University
3895229,Citadel,"Citadel, outside angle, NW end of excavations|Citadel            ",1928,Date of Photography 1928-1929,Architecture and City Planning,,Yale University Art Gallery,dura-b248~01,Dura Europos (Salahiyeh),Syria,Image source Dura field photo|Image type film negative|Condition of photo intact,Data from Yale University
3895228,Citadel,"Citadel, S gate arch|Citadel            ",1928,Date of Photography 1928-1929,Architecture and City Planning,,Yale University Art Gallery,dura-b247~01,Dura Europos (Salahiyeh),Syria,Image source Dura field photo|Image type glass negative|Condition of photo intact,Data from Yale University
3895227,Citadel,"Citadel, SW Tower, 2nd story window|Citadel",1928,Date of Photography 1928-1929,Architecture and City Planning,,Yale University Art Gallery,dura-b246~01,Dura Europos (Salahiyeh),Syria,Image source Dura field photo|Image type glass negative|Condition of photo intact,Data from Yale University
3895226,Citadel,"Citadel, NW Tower niche, 2nd storey window|Citadel",1928,Date of Photography 1928-1929,Architecture and City Planning,,Yale University Art Gallery,dura-b245~01,Dura Europos (Salahiyeh),Syria,Image source Dura field photo|Image type glass negative|Condition of photo intact,Data from Yale University
3895225,Citadel,"Citadel, NW Tower doorway from outside|Citadel            ",1928,Date of Photography 1928-1929,Architecture and City Planning,,Yale University Art Gallery,dura-b244~01,Dura Europos (Salahiyeh),Syria,Image source Dura field photo|Image type glass negative|Condition of photo intact,Data from Yale University
3895224,Citadel,"Citadel, NW Tower niche, lower level S side|Citadel            ",1928,Date of Photography 1928-1929,Architecture and City Planning,,Yale University Art Gallery,dura-b243~01,Dura Europos (Salahiyeh),Syria,Image source Dura field photo|Image type glass negative|Condition of photo intact,Data from Yale University
3895223,Citadel,"Citadel, central tower niche and window|Citadel            ",1928,Date of Photography 1928-1929,Architecture and City Planning,,Yale University Art Gallery,dura-b242~01,Dura Europos (Salahiyeh),Syria,Image source Dura field photo|Image type glass negative|Condition of photo intact,Data from Yale University
3895222,Citadel,"Citadel, SW Tower window|Citadel            ",1928,Date of Photography 1928-1929,Architecture and City Planning,,Yale University Art Gallery,dura-b241~01,Dura Europos (Salahiyeh),Syria,Image source Dura field photo|Image type glass negative|Condition of photo intact,Data from Yale University
3895221,Citadel,"Citadel, SW Tower, N niche|Citadel            ",1928,Date of Photography 1928-1929,Architecture and City Planning,,Yale University Art Gallery,dura-b240~01,Dura Europos (Salahiyeh),Syria,Image source Dura field photo|Image type glass negative|Condition of photo intact,Data from Yale University
3895220,"Main Gate, Palmyrene","Main Gate (Palmyrene Gate), door to s. tower seen from door to n. tower|Main Gate (Palmyrene Gate)            ",1928,Date of Photography 1928-1929,Architecture and City Planning,,Yale University Art Gallery,dura-b24~01,Dura Europos (Salahiyeh),Syria,Image source Dura field photo|Image type glass negative|Condition of photo intact,Data from Yale University
3895219,Fortifications,"Fortifications, city wall, break NW of Citadel|NW of Citadel            ",1928,Date of Photography 1928-1929,Architecture and City Planning,,Yale University Art Gallery,dura-b239~01,Dura Europos (Salahiyeh),Syria,Image source Dura field photo|Image type glass negative|Condition of photo intact,Data from Yale University
3895218,Fortifications,"Fortifications, city wall, break NW of Citadel|NW of Citadel            ",1928,Date of Photography 1928-1929,Architecture and City Planning,,Yale University Art Gallery,dura-b238~01,Dura Europos (Salahiyeh),Syria,Image source Dura field photo|Image type glass negative|Condition of photo intact,Data from Yale University
3895217,Citadel,"Citadel, NW Tower, window of 2nd story|Citadel",1928,Date of Photography 1928-1929,Architecture and City Planning,,Yale University Art Gallery,dura-b237~01,Dura Europos (Salahiyeh),Syria,Image source Dura field photo|Image type glass negative|Condition of photo intact,Data from Yale University
3895216,Citadel,"Citadel palace, north part, with phase I walls|Citadel            ",1928,Date of Photography 1928-1929,Architecture and City Planning,,Yale University Art Gallery,dura-b236~01,Dura Europos (Salahiyeh),Syria,Image source Dura field photo|Image type film negative|Condition of photo intact,Data from Yale University
3895215,Citadel,"Citadel palace, north part|Citadel            ",1928,Date of Photography 1928-1929,Architecture and City Planning,,Yale University Art Gallery,dura-b235~01,Dura Europos (Salahiyeh),Syria,Image source Dura field photo|Image type film negative|Condition of photo intact,Data from Yale University
3895214,Citadel,"Citadel palace, central part, with phase I wall|Citadel            ",1928,Date of Photography 1928-1929,Architecture and City Planning,,Yale University Art Gallery,dura-b234~01,Dura Europos (Salahiyeh),Syria,Image source Dura field photo|Image type film negative|Condition of photo intact,Data from Yale University
3895213,Citadel,"Citadel palace, south part, doorway|Citadel            ",1928,Date of Photography 1928-1929,Architecture and City Planning,,Yale University Art Gallery,dura-b233~01,Dura Europos (Salahiyeh),Syria,Image source Dura field photo|Image type film negative|Condition of photo intact,Data from Yale University
3895212,Citadel,"Citadel palace, Peristyle C looking north|Citadel            ",1928,Date of Photography 1928-1929,Architecture and City Planning,,Yale University Art Gallery,dura-b231~01,Dura Europos (Salahiyeh),Syria,Image source Dura field photo|Image type film negative|Condition of photo intact,Data from Yale University
3895211,Citadel,"Citadel upper, balista bullets|Citadel            ",1928,Date of Photography 1928-1929,Architecture and City Planning,,Yale University Art Gallery,dura-b230~01,Dura Europos (Salahiyeh),Syria,Image source Dura field photo|Image type film negative|Condition of photo intact,Data from Yale University
3895210,"Main Gate, Palmyrene","Main Gate (Palmyrene Gate), three altars on s. wall|Main Gate (Palmyrene Gate)            ",1928,Date of Photography 1928-1929,Architecture and City Planning,,Yale University Art Gallery,dura-b23~01,Dura Europos (Salahiyeh),Syria,Image source Dura field photo|Image type glass negative|Condition of photo intact,Data from Yale University
3895209,Citadel,"Citadel upper, Arab grave|Citadel            ",1928,Date of Photography 1928-1929,Architecture and City Planning,,Yale University Art Gallery,dura-b229~01,Dura Europos (Salahiyeh),Syria,Image source Dura field photo|Image type film negative|Condition of photo intact,Data from Yale University
3895208,Citadel,"Citadel palace, east end of court|Citadel            ",1928,Date of Photography 1928-1929,Architecture and City Planning,,Yale University Art Gallery,dura-b228~01,Dura Europos (Salahiyeh),Syria,Image source Dura field photo|Image type film negative|Condition of photo intact,Data from Yale University
3895207,Citadel,"Citadel palace, east center|Citadel            ",1928,Date of Photography 1928-1929,Architecture and City Planning,,Yale University Art Gallery,dura-b227~01,Dura Europos (Salahiyeh),Syria,Image source Dura field photo|Image type film negative|Condition of photo intact,Data from Yale University
3895206,Citadel,"Citadel palace, phase I wall in foreground, doorway to area D of phase II at back|Citadel            ",1928,Date of Photography 1928-1929,Architecture and City Planning,,Yale University Art Gallery,dura-b226~01,Dura Europos (Salahiyeh),Syria,Image source Dura field photo|Image type film negative|Condition of photo intact,Data from Yale University
3895205,Citadel,"Citadel palace, general view, exact location unknown|Citadel            ",1928,Date of Photography 1928-1929,Architecture and City Planning,,Yale University Art Gallery,dura-b224~01,Dura Europos (Salahiyeh),Syria,Image source Dura field photo|Image type film negative|Condition of photo intact,Data from Yale University
3895204,Citadel,"Citadel, walls of palace, South part|Citadel            ",1928,Date of Photography 1928-1929,Architecture and City Planning,,Yale University Art Gallery,dura-b223~01,Dura Europos (Salahiyeh),Syria,Image source Dura field photo|Image type film negative|Condition of photo intact,Data from Yale University
3895203,a1,"a1 Military Temple, niche for ablutions|Military Temple",1928,Date of Photography 1928-1929,Architecture and City Planning,,Yale University Art Gallery,dura-b222~01,Dura Europos (Salahiyeh),Syria,Image source Dura field photo|Image type film negative|Condition of photo intact,Data from Yale University
3895202,Temple,"Temple of Archers, small altar|Temple of Archers (Military Temple)            ",1928,Date of Photography 1928-1929,Architecture and City Planning,,Yale University Art Gallery,dura-b221~01,Dura Europos (Salahiyeh),Syria,Image source Dura field photo|Image type film negative|Condition of photo intact,Data from Yale University
3895201,Temple,"Temple of Archers, small altar|Temple of Archers (Military Temple)            ",1928,Date of Photography 1928-1929,Architecture and City Planning,,Yale University Art Gallery,dura-b220~01,Dura Europos (Salahiyeh),Syria,Image source Dura field photo|Image type film negative|Condition of photo intact,Data from Yale University
3895200,a1,"a1, wall west of Military Temple|Military Temple",1928,Date of Photography 1928-1929,Architecture and City Planning,,Yale University Art Gallery,dura-b219~01,Dura Europos (Salahiyeh),Syria,Image source Dura field photo|Image type film negative|Condition of photo intact,Data from Yale University
3895199,Citadel,"Citadel north gate, Temple of Archons beyond|Citadel            ",1928,Date of Photography 1928-1929,Architecture and City Planning,,Yale University Art Gallery,dura-b217~01,Dura Europos (Salahiyeh),Syria,Image source Dura field photo|Image type film negative|Condition of photo intact,Data from Yale University
3895198,a1,"a1 Military Temple, niche for ablutions|Military Temple",1928,Date of Photography 1928-1929,Architecture and City Planning,,Yale University Art Gallery,dura-b216~01,Dura Europos (Salahiyeh),Syria,Image source Dura field photo|Image type film negative|Condition of photo intact,Data from Yale University
3895197,Heracles,Heracles and lion from house near redoubt|House near redoubt            ,1928,Date of Photography 1928-1929,Architecture and City Planning,,Yale University Art Gallery,dura-b215~01,Dura Europos (Salahiyeh),Syria,Image source Dura field photo|Image type glass negative|Condition of photo intact,Data from Yale University
3895196,Heracles,Heracles and lion from house near redoubt|House near redoubt            ,1928,Date of Photography 1928-1929,Architecture and City Planning,,Yale University Art Gallery,dura-b214~01,Dura Europos (Salahiyeh),Syria,Image source Dura field photo|Image type glass negative|Condition of photo intact,Data from Yale University
3895195,Heracles,Heracles and lion from house near redoubt|House near redoubt            ,1928,Date of Photography 1928-1929,Architecture and City Planning,,Yale University Art Gallery,dura-b213~01,Dura Europos (Salahiyeh),Syria,Image source Dura field photo|Image type glass negative|Condition of photo intact,Data from Yale University
3895194,Heracles,Heracles and lion from house near redoubt|House near Redoubt            ,1928,Date of Photography 1928-1929,Architecture and City Planning,,Yale University Art Gallery,dura-b212~01,Dura Europos (Salahiyeh),Syria,Image source Dura field photo|Image type glass negative|Condition of photo intact,Data from Yale University
3895193,Citadel,NW Citadel entrance from inside|Citadel            ,1928,Date of Photography 1928-1929,Architecture and City Planning,,Yale University Art Gallery,dura-b211~01,Dura Europos (Salahiyeh),Syria,Image source Dura field photo|Image type film negative|Condition of photo intact,Data from Yale University
3895192,Inscription,Inscription c.8 cut in stone on wall|Main Gate (Palmyrene Gate),1928,Date of Photography 1928-1929,Architecture and City Planning,,Yale University Art Gallery,dura-b210~01,Dura Europos (Salahiyeh),Syria,Image source Dura field photo|Image type film negative|Condition of photo intact,Data from Yale University
3895191,Temple,"Temple of Bel, const. looking west with entrance to Tower 1 and to pronaos|Temple of Bel/Palmyrene Gods",1928,Date of Photography 1928-1929,Architecture and City Planning,,Yale University Art Gallery,dura-b206~01,Dura Europos (Salahiyeh),Syria,Image source Dura field photo|Image type film negative|Condition of photo intact,Data from Yale University
3895190,Citadel,"NW Citadel tower, Military Temple (A1) in foreground|Citadel",1928,Date of Photography 1928-1929,Architecture and City Planning,,Yale University Art Gallery,dura-b205~01,Dura Europos (Salahiyeh),Syria,Image source Dura field photo|Image type glass negative|Condition of photo intact,Data from Yale University
3895189,Citadel,NW Citadel tower from outside|Citadel            ,1928,Date of Photography 1928-1929,Architecture and City Planning,,Yale University Art Gallery,dura-b203~01,Dura Europos (Salahiyeh),Syria,Image source Dura field photo|Image type film negative|Condition of photo intact,Data from Yale University
3895188,Citadel,"Citadel palace, corner of room showing construction|Citadel            ",1928,Date of Photography 1928-1929,Architecture and City Planning,,Yale University Art Gallery,dura-b202~01,Dura Europos (Salahiyeh),Syria,Image source Dura field photo|Image type film negative|Condition of photo intact,Data from Yale University
3895187,Citadel,NW Citadel tower entrance|Citadel            ,1928,Date of Photography 1928-1929,Architecture and City Planning,,Yale University Art Gallery,dura-b201~01,Dura Europos (Salahiyeh),Syria,Image source Dura field photo|Image type film negative|Condition of photo intact,Data from Yale University
3895186,Temple,"Temple of Bel, court looking north toward aedicula and room F, part of embankments at right|Temple of Bel/Palmyrene Gods            ",1928,Date of Photography 1928-1929,Architecture and City Planning,,Yale University Art Gallery,dura-b200~01,Dura Europos (Salahiyeh),Syria,Image source Dura field photo|Image type film negative|Condition of photo intact,Data from Yale University
3895185,Precipice,Precipice from camp at s. end of citadel|Citadel            ,1928,Date of Photography 1928-1929,Architecture and City Planning,,Yale University Art Gallery,dura-b2~01,Dura Europos (Salahiyeh),Syria,Image source Dura field photo|Image type film negative|Condition of photo intact,Data from Yale University
3895184,Fortifications,"Fortifications, north postern gate near Tower 2, loopholes|Tower 2",1928,Date of Photography 1928-1929,Architecture and City Planning,,Yale University Art Gallery,dura-b198~01,Dura Europos (Salahiyeh),Syria,Image source Dura field photo|Image type film negative|Condition of photo intact,Data from Yale University
3895183,Temple,"Temple of Bel, entrance Q looking west across court|Temple of Bel/Palmyrene Gods            ",1928,Date of Photography 1928-1929,Architecture and City Planning,,Yale University Art Gallery,dura-b197~01,Dura Europos (Salahiyeh),Syria,Image source Dura field photo|Image type film negative|Condition of photo intact,Data from Yale University
3895182,Fortifications,"Fortifications, NW angle; Tower 1, interior, north (?) wall",1928,Date of Photography 1928-1929,Architecture and City Planning,,Yale University Art Gallery,dura-b196~01,Dura Europos (Salahiyeh),Syria,Image source Dura field photo|Image type Film negative|Condition of photo intact,Data from Yale University
3895181,Citadel,"Citadel palace court, const. of north wall|Citadel            ",1928,Date of Photography 1928-1929,Architecture and City Planning,,Yale University Art Gallery,dura-b195~01,Dura Europos (Salahiyeh),Syria,Image source Dura field photo|Image type Film negative|Condition of photo intact,Data from Yale University
3895180,Fortifications,"Fortifications, NW angle Tower I, entrance from interior|Tower I            ",1928,Date of Photography 1928-1929,Architecture and City Planning,,Yale University Art Gallery,dura-b194~01,Dura Europos (Salahiyeh),Syria,Image source Dura field photo|Image type film negative|Condition of photo intact,Data from Yale University
3895179,Citadel,"Citadel palace, room A, columns supporting roof; court C in background|Citadel            ",1928,Date of Photography 1928-1929,Architecture and City Planning,,Yale University Art Gallery,dura-b193~01,Dura Europos (Salahiyeh),Syria,Image source Dura field photo|Image type film negative|Condition of photo intact,Data from Yale University
3895178,Fortifications,"Fortifications, embankment; stratification at circuit wall near bath|Fortifications near Bath            ",1928,Date of Photography 1928-1929,Architecture and City Planning,,Yale University Art Gallery,dura-b192~01,Dura Europos (Salahiyeh),Syria,Image source Dura field photo|Image type film negative|Condition of photo intact,Data from Yale University
3895177,Bel,Bel temple from top of tower showing rooms along south side|Temple of Bel/Palmyrene Gods            ,1928,Date of Photography 1928-1929,Architecture and City Planning,,Yale University Art Gallery,dura-b191~01,Dura Europos (Salahiyeh),Syria,Image source Dura field photo|Image type film negative|Condition of photo intact,Data from Yale University
3895176,Bath,"Bath, assydal laconium with hollow bricks in situ|Bath            ",1928,Date of Photography 1928-1929,Architecture and City Planning,,Yale University Art Gallery,dura-b190~01,Dura Europos (Salahiyeh),Syria,Image source Dura field photo|Image type film negative|Condition of photo intact,Data from Yale University
3895175,South Tower,"Probably South Tower, doorway from within|South Tower            ",1928,Date of Photography 1928-1929,Architecture and City Planning,,Yale University Art Gallery,dura-b188~01,Dura Europos (Salahiyeh),Syria,Image source Dura field photo|Image type film negative|Condition of photo intact,Data from Yale University
3895174,Tower,"Tower of Temple of Bel, name Heliodoros on wall|Temple of Bel/Palmyrene Gods            ",1928,Date of Photography 1928-1929,Architecture and City Planning,,Yale University Art Gallery,dura-b187~01,Dura Europos (Salahiyeh),Syria,Image source Dura field photo|Image type film negative|Condition of photo intact,Data from Yale University
3895173,Temple,"Temple of Bel, entrance to promaos and altar at side|Temple of Bel/Palmyrene Gods            ",1928,Date of Photography 1928-1929,Architecture and City Planning,,Yale University Art Gallery,dura-b184~01,Dura Europos (Salahiyeh),Syria,Image source Dura field photo|Image type film negative|Condition of photo intact,Data from Yale University
3895172,Temple,"Temple of Bel, court and crude brick wall (part of embankment), looking south toward rooms M and K from F|Temple of Bel/Palmyrene Gods            ",1928,Date of Photography 1928-1929,Architecture and City Planning,,Yale University Art Gallery,dura-b183~01,Dura Europos (Salahiyeh),Syria,Image source Dura field photo|Image type film negative|Condition of photo intact,Data from Yale University
3895171,Fortifications,"Fortifications, NW angle; Tower I, interior, S. wall|Tower 1",1928,Date of Photography 1928-1929,Architecture and City Planning,,Yale University Art Gallery,dura-b182~01,Dura Europos (Salahiyeh),Syria,Image source Dura field photo|Image type film negative|Condition of photo intact,Data from Yale University
3895170,Citadel,"Citadel palace, wall of phase I in foreground, phase II behind|Citadel            ",1928,Date of Photography 1928-1929,Architecture and City Planning,,Yale University Art Gallery,dura-b181~01,Dura Europos (Salahiyeh),Syria,Image source Dura field photo|Image type film negative|Condition of photo intact,Data from Yale University
3895169,South Tower,Second story doorway of South Tower of Citadel (storeroom) from inside|Citadel            ,1928,Date of Photography 1928-1929,Architecture and City Planning,,Yale University Art Gallery,dura-b180~01,Dura Europos (Salahiyeh),Syria,Image source Dura field photo|Image type film negative|Condition of photo intact,Data from Yale University
3895168,Main,"Main Gate (Palmyrene Gate), s. side of passage from desert side|Main Gate (Palmyrene Gate)            ",1928,,Architecture and City Planning,,Yale University Art Gallery,dura-b18~01,Dura Europos (Salahiyeh),Syria,Image source Dura field photo|Image type film negative|Condition of photo intact,Data from Yale University
3895167,Temple,"Temple of Bel, crude brick wall (part of embankment?) with altar in foreground and jamb of room A in background|Temple of Bel/Palmyrene Gods            ",1928,Date of Photography 1928-1929,Architecture and City Planning,,Yale University Art Gallery,dura-b179~01,Dura Europos (Salahiyeh),Syria,Image source Dura field photo|Image type film negative|Condition of photo intact,Data from Yale University
3895166,Group,Group of laborers and foremen within Main Gate (Palmyrene Gate)|Main Gate (Palmyrene Gate)            ,1928,Date of Photography 1928-1929,Architecture and City Planning,,Yale University Art Gallery,dura-b178~01,Dura Europos (Salahiyeh),Syria,Image source Dura field photo|Image type glass negative|Condition of photo intact,Data from Yale University
3895165,View,View of redoubt from below|Redoubt palace            ,1928,Date of Photography 1928-1929,Architecture and City Planning,,Yale University Art Gallery,dura-b176~01,Dura Europos (Salahiyeh),Syria,Image source Dura field photo|Image type nitrate and glass negatives|Condition of photo intact,Data from Yale University
3895164,plaster,plaster and stone fragments found near Main Gate|Main Gate (Palmyrene Gate)            ,1928,Date of Photography 1928-1929,Architecture and City Planning,,Yale University Art Gallery,dura-b175~01,Dura Europos (Salahiyeh),Syria,Image source Dura field photo|Image type glass negative|Condition of photo intact,Data from Yale University
3895163,Small,Small bronze figure of sheep from south wadi|S wadi            ,1928,Date of Photography 1928-1929,Architecture and City Planning|Sculpture and Installations,,Yale University Art Gallery,dura-b174~01,Dura Europos (Salahiyeh),Syria,Image source Dura field photo|Image type glass negative|Condition of photo intact,Data from Yale University
3895162,Bust,"Bust, KOMODOS|Main Gate (Palmyrene Gate)            ",1928,Date of Photography 1928-1929,Architecture and City Planning|Sculpture and Installations,,Yale University Art Gallery,dura-b173~01,Dura Europos (Salahiyeh),Syria,Image source Dura field photo|Image type film negative|Condition of photo intact,Data from Yale University
3895161,chariot,chariot wheels found near Main Gate (Palmyrene Gate)|Main Gate (Palmyrene Gate)/Tychaeum            ,1928,Date of Photography 1928-1929,"Architecture and City Planning|Decorative Arts, Utilitarian Objects and Interior Design",,Yale University Art Gallery,dura-b172~01,Dura Europos (Salahiyeh),Syria,Image source Dura field photo|Image type glass negative|Condition of photo broken,Data from Yale University
3895160,small,small objects            ,1928,Date of Photography 1928-1929,Architecture and City Planning,,Yale University Art Gallery,dura-b171~01,Dura Europos (Salahiyeh),Syria,Image source Dura field photo|Image type glass negative|Condition of photo intact,Data from Yale University
3895159,Reed,"Reed arrows, lamp and parchment|Main Gate (Palmyrene Gate)            ",1928,Date of Photography 1928-1929,"Architecture and City Planning|Decorative Arts, Utilitarian Objects and Interior Design",,Yale University Art Gallery,dura-b170~01,Dura Europos (Salahiyeh),Syria,Image source Dura field photo|Image type film negative|Condition of photo intact,Data from Yale University
3895158,Main,"Main Gate (Palmyrene Gate), passage from city side|Main Gate (Palmyrene Gate)            ",1928,Date of Photography 1928-1929,Architecture and City Planning,,Yale University Art Gallery,dura-b17~01,Dura Europos (Salahiyeh),Syria,Image source Dura field photo|Image type film negative|Condition of photo intact,Data from Yale University
3895157,Reed,Reed shield|Main Gate (Palmyrene Gate)            ,1928,Date of Photography 1928-1929,"Architecture and City Planning|Decorative Arts, Utilitarian Objects and Interior Design",,Yale University Art Gallery,dura-b169~01,Dura Europos (Salahiyeh),Syria,Image source Dura field photo|Image type film negative|Condition of photo intact,Data from Yale University
3895156,Reed,Reed shield|Main Gate (Palmyrene Gate)            ,1928,Date of Photography 1928-1929,"Architecture and City Planning|Decorative Arts, Utilitarian Objects and Interior Design",,Yale University Art Gallery,dura-b168~01,Dura Europos (Salahiyeh),Syria,Image source Dura field photo|Image type film negative|Condition of photo intact,Data from Yale University
3895155,Reed,Reed shield|Main Gate (Palmyrene Gate)            ,1928,Date of Photography 1928-1929,"Architecture and City Planning|Decorative Arts, Utilitarian Objects and Interior Design",,Yale University Art Gallery,dura-b167~01,Dura Europos (Salahiyeh),Syria,Image source Dura field photo|Image type glass negative|Condition of photo intact,Data from Yale University
3895154,Reed,Reed shield|Main Gate (Palmyrene Gate)            ,1928,Date of Photography 1928-1929,"Architecture and City Planning|Decorative Arts, Utilitarian Objects and Interior Design",,Yale University Art Gallery,dura-b166~01,Dura Europos (Salahiyeh),Syria,Image source Dura field photo|Image type glass negative|Condition of photo intact,Data from Yale University
3895153,Half,Half bas-relief of Heracles; large altar to Gad of Dura; Small thymiaterion|Main Gate (Palmyrene Gate)            ,1928,Date of Photography 1928-1929,Architecture and City Planning,,Yale University Art Gallery,dura-b165~01,Dura Europos (Salahiyeh),Syria,Image source Dura field photo|Image type glass negative|Condition of photo intact,Data from Yale University
3895152,Half,Half bas-relief of Heracles; large altar to Gad of Dura; Small thymiaterion|Main Gate (Palmyrene Gate)            ,1928,Date of Photography 1928-1929,Architecture and City Planning,,Yale University Art Gallery,dura-b164~01,Dura Europos (Salahiyeh),Syria,Image source Dura field photo|Image type glass negative|Condition of photo intact,Data from Yale University
3895151,Thymiaterion|Main,Thymiaterion|Main Gate (Palmyrene Gate)            ,1928,Date of Photography 1928-1929,Architecture and City Planning,,Yale University Art Gallery,dura-b163~01,Dura Europos (Salahiyeh),Syria,Image source Dura field photo|Image type glass slide|Condition of photo intact,Data from Yale University
3895150,Half,Half bas-relief of Heracles and thymiaterion from Main Gate (Palmyrene Gate)|Main Gate (Palmyrene Gate)            ,1928,Date of Photography 1928-1929,Architecture and City Planning,,Yale University Art Gallery,dura-b161~01,Dura Europos (Salahiyeh),Syria,Image source Dura field photo|Image type film negative|Condition of photo intact,Data from Yale University
3895149,Nemesis,Nemesis relief from South Tower of Main Gate (Palmyrene Gate)|Main Gate (Palmyrene Gate)            ,1928,Date of Photography 1928-1929,Architecture and City Planning,,Yale University Art Gallery,dura-b160~01,Dura Europos (Salahiyeh),Syria,Image source Dura field photo|Image type film negative|Condition of photo intact,Data from Yale University
3895148,jewelry,"jewelry from NE part of Palmyrene Gate, silver bracelets|Tychaeum            ",1928,Date of Photography 1928-1929,"Architecture and City Planning|Fashion, Costume and Jewelry",,Yale University Art Gallery,dura-b157~01,Dura Europos (Salahiyeh),Syria,Image source Dura field photo|Image type glass negative|Condition of photo intact,Data from Yale University
3895147,jewelry,jewelry from house NE of Palmyrene Gate|Tychaeum            ,1928,Date of Photography 1928-1929,"Architecture and City Planning|Fashion, Costume and Jewelry",,Yale University Art Gallery,dura-b156~01,Dura Europos (Salahiyeh),Syria,Image source Dura field photo|Image type glass negative|Condition of photo intact,Data from Yale University
3895146,jewelry,jewelry from near Palmyrene Gate|Tychaeum            ,1928,Date of Photography 1928-1929,"Architecture and City Planning|Fashion, Costume and Jewelry",,Yale University Art Gallery,dura-b155~01,Dura Europos (Salahiyeh),Syria,Image source Dura field photo|Image type glass negative|Condition of photo intact,Data from Yale University
3895145,earrings/jewelry,earrings/jewelry from house NE of Palmyrene Gate|Tychaeum private house            ,1928,Date of Photography 1928-1929,"Architecture and City Planning|Fashion, Costume and Jewelry",,Yale University Art Gallery,dura-b154~01,Dura Europos (Salahiyeh),Syria,Image source Dura field photo|Image type glass negative|Condition of photo intact,Data from Yale University
3895144,frescoes,frescoes from Roman bath|Bath            ,1928,Date of Photography 1928-1929,Architecture and City Planning|Paintings,,Yale University Art Gallery,dura-b153~01,Dura Europos (Salahiyeh),Syria,Image source Dura field photo|Image type glass negative|Condition of photo intact,Data from Yale University
3895143,painting,painting fragments|Bath            ,1928,Date of Photography 1928-1929,Architecture and City Planning|Paintings,,Yale University Art Gallery,dura-b152~01,Dura Europos (Salahiyeh),Syria,Image source Dura field photo|Image type glass negative|Condition of photo intact,Data from Yale University
3895142,Roman,"Roman brick inscribed XIIII, SW angle            ",1928,Date of Photography 1928-1929,Architecture and City Planning,,Yale University Art Gallery,dura-b151~01,Dura Europos (Salahiyeh),Syria,Image source Dura field photo|Image type glass negative|Condition of photo intact,Data from Yale University
3895141,green,green glazed vase|Temple of Roman Archers            ,1928,Date of Photography 1928-1929,"Architecture and City Planning|Decorative Arts, Utilitarian Objects and Interior Design",,Yale University Art Gallery,dura-b150~01,Dura Europos (Salahiyeh),Syria,Image source Dura field photo|Image type glass negative|Condition of photo intact,Data from Yale University
3895140,pottery,pottery - frags. of tops for large-mouthed vessels            ,1928,Date of Photography 1928-1929,"Architecture and City Planning|Decorative Arts, Utilitarian Objects and Interior Design",,Yale University Art Gallery,dura-b148~01,Dura Europos (Salahiyeh),Syria,Image source Dura field photo|Image type glass negative|Condition of photo intact,Data from Yale University
3895139,pottery,pottery - specimen of stamped vase            ,1928,Date of Photography 1928-1929,"Architecture and City Planning|Decorative Arts, Utilitarian Objects and Interior Design",,Yale University Art Gallery,dura-b147~01,Dura Europos (Salahiyeh),Syria,Image source Dura field photo|Image type glass negative|Condition of photo intact,Data from Yale University
3895138,pottery,pottery - smallhead in faience            ,1928,Date of Photography 1928-1929,"Architecture and City Planning|Decorative Arts, Utilitarian Objects and Interior Design",,Yale University Art Gallery,1929.307|dura-b145~01,Dura Europos (Salahiyeh),Syria,Image source Dura field photo|Image type glass negative|Condition of photo intact,Data from Yale University
3895137,pottery,pottery - bowl in green glaze            ,1928,Date of Photography 1928-1929,"Architecture and City Planning|Decorative Arts, Utilitarian Objects and Interior Design",,Yale University Art Gallery,dura-b144~01,Dura Europos (Salahiyeh),Syria,Image source Dura field photo|Image type glass negative|Condition of photo intact,Data from Yale University
3895136,pottery,"pottery, green glazed ware from Military Temple|Military temple            ",1928,Date of Photography 1928-1929,"Architecture and City Planning|Decorative Arts, Utilitarian Objects and Interior Design",,Yale University Art Gallery,1929.366|dura-b143~01,Dura Europos (Salahiyeh),Syria,Image source Dura field photo|Image type glass negative|Condition of photo intact,Data from Yale University
3895135,pottery,pottery - small pitchers            ,1928,Date of Photography 1928-1929,"Architecture and City Planning|Decorative Arts, Utilitarian Objects and Interior Design",,Yale University Art Gallery,dura-b142~01,Dura Europos (Salahiyeh),Syria,Image source Dura field photo|Image type glass negative|Condition of photo intact,Data from Yale University
3895134,assorted,assorted pottery            ,1928,Date of Photography 1928-1929,"Architecture and City Planning|Decorative Arts, Utilitarian Objects and Interior Design",,Yale University Art Gallery,dura-b141~01,Dura Europos (Salahiyeh),Syria,Image source Dura field photo|Image type glass negative|Condition of photo intact,Data from Yale University
3895133,assorted,assorted pottery            ,1928,Date of Photography 1928-1929,"Architecture and City Planning|Decorative Arts, Utilitarian Objects and Interior Design",,Yale University Art Gallery,dura-b140~01,Dura Europos (Salahiyeh),Syria,Image source Dura field photo|Image type glass negative|Condition of photo intact,Data from Yale University
3895132,Main,"Main Gate (Palmyrene Gate), interior before excavation|Main Gate (Palmyrene Gate)            ",1928,Date of Photography 1928-1929,Architecture and City Planning,,Yale University Art Gallery,dura-b14~01,Dura Europos (Salahiyeh),Syria,Image source Dura field photo|Image type film negative|Condition of photo intact,Data from Yale University
3895131,assorted,assorted pottery            ,1928,Date of Photography 1928-1929,"Architecture and City Planning|Decorative Arts, Utilitarian Objects and Interior Design",,Yale University Art Gallery,dura-b139~01,Dura Europos (Salahiyeh),Syria,Image source Dura field photo|Image type glass negative|Condition of photo intact,Data from Yale University
3895130,Ribbed,Ribbed brittleware pottery            ,1928,Date of Photography 1928-1929,"Architecture and City Planning|Decorative Arts, Utilitarian Objects and Interior Design",,Yale University Art Gallery,dura-b138~01,Dura Europos (Salahiyeh),Syria,Image source Dura field photo|Image type glass negative|Condition of photo intact,Data from Yale University
3895129,large,large sherd from storage jar            ,1928,Date of Photography 1928-1929,"Architecture and City Planning|Decorative Arts, Utilitarian Objects and Interior Design",,Yale University Art Gallery,1929.537|dura-b137~01,Dura Europos (Salahiyeh),Syria,Image source Dura field photo|Image type glass negative|Condition of photo intact,Data from Yale University
3895128,large,large sherd from storage jar            ,1928,Date of Photography 1928-1929,"Architecture and City Planning|Decorative Arts, Utilitarian Objects and Interior Design",,Yale University Art Gallery,1929.537|dura-b136~01,Dura Europos (Salahiyeh),Syria,Image source Dura field photo|Image type glass negative|Condition of photo intact,Data from Yale University
3895127,assorted,assorted commonware            ,1928,Date of Photography 1928-1929,"Architecture and City Planning|Decorative Arts, Utilitarian Objects and Interior Design",,Yale University Art Gallery,dura-b135~01,Dura Europos (Salahiyeh),Syria,Image source Dura field photo|Image type glass negative|Condition of photo intact,Data from Yale University
3895126,lamps,lamps            ,1928,Date of Photography 1928-1929,"Architecture and City Planning|Decorative Arts, Utilitarian Objects and Interior Design",,Yale University Art Gallery,dura-b134~01,Dura Europos (Salahiyeh),Syria,Image source Dura field photo|Image type glass negative|Condition of photo intact,Data from Yale University
3895125,fragments,fragments of broken pottery with stamped handles            ,1928,Date of Photography 1928-1929,"Architecture and City Planning|Decorative Arts, Utilitarian Objects and Interior Design",,Yale University Art Gallery,1) 1929.529; 2) 1929.530|dura-b133~01,Dura Europos (Salahiyeh),Syria,Image source Dura field photo|Image type glass negative|Condition of photo intact,Data from Yale University
3895124,Iarhibol,Iarhibol altar from the temple of Bel|Temple of Bel/Palmyrene Gods            ,1928,Date of Photography 1928-1929,Architecture and City Planning,,Yale University Art Gallery,1929.385|dura-b132~01,Dura Europos (Salahiyeh),Syria,Image source Dura field photo|Image type glass slide|Condition of photo intact,Data from Yale University
3895123,Earthquake,Earthquake Inscription|Temple of Bel/Palmyrene Gods            ,1928,Date of Photography 1928-1929,Architecture and City Planning,,Yale University Art Gallery,1929.384|dura-b131~01,Dura Europos (Salahiyeh),Syria,Image source Dura field photo|Image type glass negative|Condition of photo intact,Data from Yale University
3895122,Inscription,1) Earthquake Inscription and 2) Relief Pattern Frieze|Temple of Bel/Palmyrene Gods; Citadel,1928,Date of Photography 1928-1929,Architecture and City Planning,,Yale University Art Gallery,"1929.384, 1929.374|dura-b130~01",Dura Europos (Salahiyeh),Syria,Image source Dura field photo|Image type glass negative|Condition of photo intact,Data from Yale University
3895121,Inscriptions,Inscriptions (D141-142) from Main Gate (Palmyrene Gate)|Main Gate (Palmyrene Gate),1928,Date of Photography 1928-1929,Architecture and City Planning,,Yale University Art Gallery,dura-b129~01,Dura Europos (Salahiyeh),Syria,Image source Dura field photo|Image type glass negative|Condition of photo intact,Data from Yale University
3895120,Inscriptions,Inscriptions (D114-117) from Main Gate (Palmyrene Gate)|Main Gate (Palmyrene Gate),1928,Date of Photography 1928-1929,Architecture and City Planning,,Yale University Art Gallery,dura-b127~01,Dura Europos (Salahiyeh),Syria,Image source Dura field photo|Image type glass negative|Condition of photo intact,Data from Yale University
3895119,Inscriptions,Inscriptions (D62-63) from Main Gate (Palmyrene Gate)|Main Gate (Palmyrene Gate),1928,Date of Photography 1928-1929,Architecture and City Planning,,Yale University Art Gallery,dura-b126~01,Dura Europos (Salahiyeh),Syria,Image source Dura field photo|Image type glass negative|Condition of photo intact,Data from Yale University
3895118,Inscriptions,"Inscriptions (D27, D39-31) from Main Gate (Palmyrene Gate)|Main Gate (Palmyrene Gate)",1928,Date of Photography 1928-1929,Architecture and City Planning,,Yale University Art Gallery,dura-b123~01,Dura Europos (Salahiyeh),Syria,Image source Dura field photo|Image type glass negative|Condition of photo intact,Data from Yale University
3895117,Red,Red and white inscription from Main Gate (Palmyrene Gate)|Main Gate (Palmyrene Gate)            ,1928,Date of Photography 1928-1929,Architecture and City Planning,,Yale University Art Gallery,dura-b122~01,Dura Europos (Salahiyeh),Syria,Image source Dura field photo|Image type glass negative|Condition of photo intact,Data from Yale University
3895116,Red,Red and white inscription from Main Gate (Palmyrene Gate)|Main Gate (Palmyrene Gate)            ,1928,Date of Photography 1928-1929,Architecture and City Planning,,Yale University Art Gallery,dura-b121~01,Dura Europos (Salahiyeh),Syria,Image source Dura field photo|Image type glass negative|Condition of photo intact,Data from Yale University
3895115,Greek,Greek and Palmyrene inscription on base of Nemesis statue|Main Gate (Palmyrene Gate)            ,1928,Date of Photography 1928-1929,Architecture and City Planning,,Yale University Art Gallery,1929.369|dura-b120b~01,Dura Europos (Salahiyeh),Syria,Image source Dura field photo|Image type film negative|Condition of photo intact,Data from Yale University
3895114,Greek,Greek and palmyrene inscription on base of Nemesis statue|Main Gate (Palmyrene Gate)            ,1928,Date of Photography 1928-1929,Architecture and City Planning,,Yale University Art Gallery,1929.369|dura-b120a~01,Dura Europos (Salahiyeh),Syria,Image source Dura field photo|Image type film negative|Condition of photo intact,Data from Yale University
3895113,Foritifcations,"Foritifcations - embankment exterior, w. wall|West wall            ",1928,Date of Photography 1928-1929,Architecture and City Planning,,Yale University Art Gallery,dura-b12~01,Dura Europos (Salahiyeh),Syria,Image source Dura field photo|Image type glass negative|Condition of photo intact,Data from Yale University
3895112,Greek,Greek and Palmyrene inscription on base of Nemesis statue|Main Gate (Palmyrene Gate)            ,1928,Date of Photography 1928-1929,Architecture and City Planning,,Yale University Art Gallery,1929.369|dura-b119~01,Dura Europos (Salahiyeh),Syria,Image source Dura field photo|Image type film negative|Condition of photo intact,Data from Yale University
3895111,Latin,Latin inscription in or near Main Gate (Palmyrene Gate)|Main Gate (Palmyrene Gate)            ,1928,Date of Photography 1928-1929,Architecture and City Planning,,Yale University Art Gallery,dura-b118~01,Dura Europos (Salahiyeh),Syria,Image source Dura field photo|Image type film negative|Condition of photo intact,Data from Yale University
3895110,Main,Main Gate (Palmyrene Gate) - altars inside gate by s. wall|Main Gate (Palmyrene Gate)            ,1928,Date of Photography 1928-1929,Architecture and City Planning,,Yale University Art Gallery,dura-b117~01,Dura Europos (Salahiyeh),Syria,Image source Dura field photo|Image type glass negative|Condition of photo intact,Data from Yale University
3895109,Latin,Latin Altar from Main Gate (Palmyrene Gate)|Main Gate (Palmyrene Gate)            ,1928,Date of Photography 1928-1929,Architecture and City Planning,,Yale University Art Gallery,dura-b116~01,Dura Europos (Salahiyeh),Syria,Image source Dura field photo|Image type glass negative|Condition of photo intact,Data from Yale University
3895108,Latin,Latin Altar from Main Gate (Palmyrene Gate)|Main Gate (Palmyrene Gate)            ,1928,Date of Photography 1928-1929,Architecture and City Planning,,Yale University Art Gallery,dura-b115~01,Dura Europos (Salahiyeh),Syria,Image source Dura field photo|Image type film negative|Condition of photo intact,Data from Yale University
3895107,Latin,Latin Altar from Main Gate (Palmyrene Gate)|Main Gate (Palmyrene Gate)            ,1928,Date of Photography 1928-1929,Architecture and City Planning,,Yale University Art Gallery,dura-b114~01,Dura Europos (Salahiyeh),Syria,Image source Dura field photo|Image type glass negative|Condition of photo intact,Data from Yale University
3895106,Palmyrene,Palmyrene altar from Main Gate (Palmyrene Gate)|Main Gate (Palmyrene Gate)            ,1928,Date of Photography 1928-1929,Architecture and City Planning,,Yale University Art Gallery,1929.372|dura-b113~01,Dura Europos (Salahiyeh),Syria,Image source Dura field photo|Image type film negative|Condition of photo intact,Data from Yale University
3895105,Latin,Latin altar from Main Gate (Palmyrene Gate)|Main Gate (Palmyrene Gate)            ,1928,Date of Photography 1928-1929,Architecture and City Planning,,Yale University Art Gallery,dura-b112~01,Dura Europos (Salahiyeh),Syria,Image source Dura field photo|Image type film negative|Condition of photo intact,Data from Yale University
3895104,Latin,Latin and Palmyrene altars from Main Gate (Palmyrene Gate)|Main Gate (Palmyrene Gate)            ,1928,Date of Photography 1928-1929,Architecture and City Planning,,Yale University Art Gallery,dura-b111~01,Dura Europos (Salahiyeh),Syria,Image source Dura field photo|Image type film negative|Condition of photo intact,Data from Yale University
3895103,Latin,Latin and Palmyrene altars from Main Gate (Palmyrene Gate)|Main Gate (Palmyrene Gate)            ,1928,Date of Photography 1928-1929,Architecture and City Planning,,Yale University Art Gallery,dura-b110~01,Dura Europos (Salahiyeh),Syria,Image source Dura field photo|Image type glass negative|Condition of photo intact,Data from Yale University
3895102,Break,"Break in NW wall, curtain 25-26|Curtain Wall",1928,Date of Photography 1928-1929,Architecture and City Planning,,Yale University Art Gallery,dura-b11~01,Dura Europos (Salahiyeh),Syria,Image source Dura field photo|Image type glass negative|Condition of photo intact,Data from Yale University
3895101,Altars,Altars and inscriptions in Main Gate (Palmyrene Gate)|Main Gate (Palmyrene Gate)            ,1928,Date of Photography 1928-1929,Architecture and City Planning,,Yale University Art Gallery,dura-b109~01,Dura Europos (Salahiyeh),Syria,Image source Dura field photo|Image type glass negative|Condition of photo intact,Data from Yale University
3895100,altars,"altars and inscriptions in Main Gate (Palmyrene Gate), west wall of passage|Main Gate (Palmyrene Gate)            ",1928,Date of Photography 1928-1929,Architecture and City Planning,,Yale University Art Gallery,dura-b108~01,Dura Europos (Salahiyeh),Syria,Image source Dura field photo|Image type glass negative|Condition of photo intact,Data from Yale University
3895099,graffito,"graffito, text            ",1928,Date of Photography 1928-1929,Architecture and City Planning,,Yale University Art Gallery,dura-b107~01,Dura Europos (Salahiyeh),Syria,Image source Dura field photo|Image type glass egative|Condition of photo intact,Data from Yale University
3895098,graffito,"graffito, text mentioning food            ",1928,Date of Photography 1928-1929,Architecture and City Planning,,Yale University Art Gallery,dura-b106~01,Dura Europos (Salahiyeh),Syria,Image source Dura field photo|Image type glass negative|Condition of photo intact,Data from Yale University
3895097,Graffito,"Graffito, text            ",1928,Date of Photography 1928-1929,Architecture and City Planning,,Yale University Art Gallery,dura-b105~01,Dura Europos (Salahiyeh),Syria,Image source Dura field photo|Image type glass negative|Condition of photo intact,Data from Yale University
3895096,graffito,"graffito, fortifications, ""House on Main Street""|House on Main Street            ",1928,Date of Photography 1928-1929,Architecture and City Planning,,Yale University Art Gallery,dura-b104~01,Dura Europos (Salahiyeh),Syria,Image source Dura field photo|Image type film negative|Condition of photo intact,Data from Yale University
3895095,graffito,"graffito, fortifications, ""House on Main Street""|House on Main Street            ",1928,Date of Photography 1928-1929,Architecture and City Planning,,Yale University Art Gallery,dura-b103~01,Dura Europos (Salahiyeh),Syria,Image source Dura field photo|Image type film negative|Condition of photo intact,Data from Yale University
3895094,graffito,"graffito of fortifications, ""House on Main Street""|House on Main Street            ",1928,Date of Photography 1928-1929,Architecture and City Planning,,Yale University Art Gallery,dura-b102~01,Dura Europos (Salahiyeh),Syria,Image source Dura field photo|Image type film negative|Condition of photo intact,Data from Yale University
3895093,Graffito,Graffito from Horoscope House - Parthian horseman|Horoscope House            ,1928,Date of Photography 1928-1929,Architecture and City Planning,,Yale University Art Gallery,dura-b101~01,Dura Europos (Salahiyeh),Syria,Image source Dura field photo|Image type film negative|Condition of photo intact,Data from Yale University
3895092,Graffito,"Graffito, Horoscope House|Horoscope House            ",1928,Date of Photography 1928-1929,Architecture and City Planning,,Yale University Art Gallery,dura-b100~01,Dura Europos (Salahiyeh),Syria,Image source Dura field photo|Image type glass negative|Condition of photo intact,Data from Yale University
3895091,NW wall,"Break in NW wall, curtain 25-26, with late repairs at Towers 25 and 26|Curtain Wall, Towers 25 and Tower 26",1928,Date of Photography 1928-1929,Architecture and City Planning,,Yale University Art Gallery,dura-b10~01,Dura Europos (Salahiyeh),Syria,Image source Dura field photo|Image type film negative|Condition of photo intact,Data from Yale University
3895090,Euphrates,Euphrates taken from Citadel|Citadel            ,1928,Date of Photography 1928-1929,Architecture and City Planning,,Yale University Art Gallery,dura-b1~01,Dura Europos (Salahiyeh),Syria,Image source Dura field photo|Image type replacement negative|Condition of photo intact,Data from Yale University
3895089,Finger,"Finger ring, bronze with carnelian|Temple of Azzanathkona/Praetorium            ",1931,Date of Photography 1931-1932 or 1932-1933,"Architecture and City Planning|Fashion, Costume and Jewelry",,Yale University Art Gallery,1938.2341|dura-e355~01,Dura Europos (Salahiyeh),Syria,Image source Dura field photo|Image type glass negative|Condition of photo intact,Data from Yale University
3895088,Mold,"Mold for pendant, drawing|Street h            ",1931,Date of Photography 1931-1932 or 1932-1933,"Architecture and City Planning|Fashion, Costume and Jewelry",,Yale University Art Gallery,1932.1263|dura-e350~01,Dura Europos (Salahiyeh),Syria,Image source Dura field photo|Image type film negative|Condition of photo intact,Data from Yale University
3895087,Bread,"Bread stamp, drawing of front and back, with inscription (#411) OMONOIA . ZOH reversed|Private house, shop",1931,Date of Photography 1931-1932 or 1932-1933,"Architecture and City Planning|Decorative Arts, Utilitarian Objects and Interior Design",,Yale University Art Gallery,1932.1225|dura-e349~01,Dura Europos (Salahiyeh),Syria,Image source Dura field photo|Image type film negative|Condition of photo intact,Data from Yale University
3895086,Ring,"Ring set, intaglia of Diana|Temple of Aphlad/private house            ",1931,Date of Photography 1931-1932 or 1932-1933,"Architecture and City Planning|Fashion, Costume and Jewelry",,Yale University Art Gallery,1932.1679|dura-e348b~01,Dura Europos (Salahiyeh),Syria,Image source Dura field photo|Image type film negative|Condition of photo intact,Data from Yale University
3895085,Ring,"Ring set, intaglia of Diana|Temple of Aphlad/private house            ",1931,Date of Photography 1931-1932 or 1932-1933,"Architecture and City Planning|Fashion, Costume and Jewelry",,Yale University Art Gallery,1932.1679|dura-e348a~01,Dura Europos (Salahiyeh),Syria,Image source Dura field photo|Image type film negative|Condition of photo intact,Data from Yale University
3895084,Pictorial,Pictorial graffito tracing city wall|Private house            ,1931,Date of Photography 1931-1932 or 1932-1933,Architecture and City Planning,,Yale University Art Gallery,dura-e347~01,Dura Europos (Salahiyeh),Syria,Image source Dura field photo|Image type film negative|Condition of photo intact,Data from Yale University
3895083,Pictorial,Pictorial graffito tracing ship with sail|Private house            ,1931,Date of Photography 1931-1932 or 1932-1933,Architecture and City Planning,,Yale University Art Gallery,dura-e346~01,Dura Europos (Salahiyeh),Syria,Image source Dura field photo|Image type film negative|Condition of photo intact,Data from Yale University
3895082,Painted,"Painted inscription (#481b) ""Sator"" rebus|Temple of Azzanathkona/Praetorium",1931,Date of Photography 1931-1932 or 1932-1933,Architecture and City Planning,,Yale University Art Gallery,dura-e345~01,Dura Europos (Salahiyeh),Syria,Image source Dura field photo|Image type film negative|Condition of photo intact,Data from Yale University
3895081,Inscription,"Inscription (#167), part of Trajan's Arch|Trajan's Arch",1931,Date of Photography 1931-1932 or 1932-1933,Architecture and City Planning,,Yale University Art Gallery,dura-e344~01,Dura Europos (Salahiyeh),Syria,Image source Dura field photo|Image type film negative|Condition of photo intact,Data from Yale University
3895080,Inscription,"Inscription (#167), part of Trajan's Arch|Trajan's Arch?",1931,Date of Photography 1931-1932 or 1932-1933,Architecture and City Planning,,Yale University Art Gallery,dura-e343~01,Dura Europos (Salahiyeh),Syria,Image source Dura field photo|Image type rilm negative|Condition of photo intact,Data from Yale University
3895079,Inscription,Inscription (#561) of Septimius Severus|Temple of Azzanathkona/Praetorium,1931,Date of Photography 1931-1932 or 1932-1933,Architecture and City Planning,,Yale University Art Gallery,dura-e342~01,Dura Europos (Salahiyeh),Syria,Image source Dura field photo|Image type film negative|Condition of photo intact,Data from Yale University
3895078,Inscription,Inscription (#561) of Septimius Severus|Temple of Azzanathkona/Praetorium,1931,Date of Photography 1931-1932 or 1932-1933,Architecture and City Planning,,Yale University Art Gallery,dura-e341~01,Dura Europos (Salahiyeh),Syria,Image source Dura field photo|Image type film negative|Condition of photo intact,Data from Yale University
3895077,Ba-relief,Ba-relief of Hadad with arc and thunderbolt|Private house            ,1931,Date of Photography 1931-1932 or 1932-1933,Architecture and City Planning,,Yale University Art Gallery,dura-e340~01,Dura Europos (Salahiyeh),Syria,Image source Dura field photo|Image type film negative|Condition of photo intact,Data from Yale University
3895076,Bas-relief,Bas-relief of Hadad with arc and thunderbolt|Private house            ,1931,Date of Photography 1931-1932 or 1932-1933,Architecture and City Planning,,Yale University Art Gallery,dura-e339~01,Dura Europos (Salahiyeh),Syria,Image source Dura field photo|Image type film negative|Condition of photo intact,Data from Yale University
3895075,Head,"Head in relief|Private house, shop            ",1931,Date of Photography 1931-1932 or 1932-1933,Architecture and City Planning|Sculpture and Installations,,Yale University Art Gallery,dura-e338~01,Dura Europos (Salahiyeh),Syria,Image source Dura field photo|Image type film negative|Condition of photo intact,Data from Yale University
3895074,Head,"Head in relief|Private house, shop            ",1931,Date of Photography 1931-1932 or 1932-1933,Architecture and City Planning|Sculpture and Installations,,Yale University Art Gallery,dura-e337~01,Dura Europos (Salahiyeh),Syria,Image source Dura field photo|Image type film negative|Condition of photo intact,Data from Yale University
3895073,Christian,Christian baptistry painting from N wall figure of woman|Christian Building            ,1931,Date of Photography 1931-1932 or 1932-1933,Architecture and City Planning,,Yale University Art Gallery,"1932.1201, part|dura-e336~01",Dura Europos (Salahiyeh),Syria,Image source Dura field photo|Image type film negative|Condition of photo intact,Data from Yale University
3895072,Niche,"Niche of Christian baptistry, painting of the Good Shepherd|Christian baptistry            ",1931,Date of Photography 1931-1932 or 1932-1933,Architecture and City Planning,,Yale University Art Gallery,1932.12|dura-e335~01,Dura Europos (Salahiyeh),Syria,Image source Dura field photo|Image type film negative|Condition of photo intact,Data from Yale University
3895071,Dura,Dura Europos (Salahiyeh) Excavation Photo            ,1931,Date of Photography 1931-1932 or 1932-1933,Architecture and City Planning,,Yale University Art Gallery,dura-e334~01,Dura Europos (Salahiyeh),Syria,Image source Dura field photo|Image type film negative|Condition of photo intact,Data from Yale University
3895070,Main,"Main Gate (Palmyrene Gate), SW pillar|Main Gate (Palmyrene Gate)            ",1931,Date of Photography 1931-1932 or 1932-1933,Architecture and City Planning,,Yale University Art Gallery,dura-e333~01,Dura Europos (Salahiyeh),Syria,Image source Dura field photo|Image type film negative|Condition of photo intact,Data from Yale University
3895069,Drain,Drain channel on embankment            ,1931,Date of Photography 1931-1932 or 1932-1933,Architecture and City Planning,,Yale University Art Gallery,dura-e331~01,Dura Europos (Salahiyeh),Syria,Image source Dura field photo|Image type film negative|Condition of photo intact,Data from Yale University
3895068,SW,"SW angle, embankment running E from S corner of Tower 14|SW angle, Tower 14",1931,Date of Photography 1931-1932 or 1932-1933,Architecture and City Planning,,Yale University Art Gallery,dura-e330~01,Dura Europos (Salahiyeh),Syria,Image source Dura field photo|Image type replacement negative|Condition of photo intact,Data from Yale University
3895067,Fortifications,"Fortifications, break in circuit wall at e7 E side|Temple of Azzanathkona/Praetorium area",1931,Date of Photography 1931-1932 or 1932-1933,Architecture and City Planning,,Yale University Art Gallery,dura-e329~01,Dura Europos (Salahiyeh),Syria,Image source Dura field photo|Image type replacement negative|Condition of photo intact,Data from Yale University
3895066,Embankment,Embankment with drain chanell            ,1931,Date of Photography 1931-1932 or 1932-1933,Architecture and City Planning,,Yale University Art Gallery,dura-e328~01,Dura Europos (Salahiyeh),Syria,Image source Dura field photo|Image type replacement negative|Condition of photo intact,Data from Yale University
3895065,Citadel,"Citadel gateway in fortifications, doorway, S tower lower level E side from inside tower|Citadel            ",1931,Date of Photography 1931-1932 or 1932-1933,Architecture and City Planning,,Yale University Art Gallery,dura-e327~01,Dura Europos (Salahiyeh),Syria,Image source Dura field photo|Image type film negative|Condition of photo intact,Data from Yale University
3895064,Citadel,"Citadel, S gateway in citadel wall|Citadel            ",1931,Date of Photography 1931-1932 or 1932-1933,Architecture and City Planning,,Yale University Art Gallery,dura-e326~01,Dura Europos (Salahiyeh),Syria,Image source Dura field photo|Image type film negative|Condition of photo intact,Data from Yale University
3895063,Citadel,"Citadel, windows in SW tower of citadel wall|Citadel            ",1931,Date of Photography 1931-1932 or 1932-1933,Architecture and City Planning,,Yale University Art Gallery,dura-e325~01,Dura Europos (Salahiyeh),Syria,Image source Dura field photo|Image type film negative|Condition of photo intact,Data from Yale University
3895062,Tower,"Tower 15, view from Chemin de Ronde from city side at door to Tower 15|Tower 15",1931,Date of Photography 1931-1932 or 1932-1933,Architecture and City Planning,,Yale University Art Gallery,dura-e324~01,Dura Europos (Salahiyeh),Syria,Image source Dura field photo|Image type film negative|Condition of photo intact,Data from Yale University
3895061,Crenellations,"Crenellations of city wall near Tower 15 seen from desert side|Tower 15, area n8",1931,Date of Photography 1931-1932 or 1932-1933,Architecture and City Planning,,Yale University Art Gallery,dura-e323~01,Dura Europos (Salahiyeh),Syria,Image source Dura field photo|Image type replacement negative|Condition of photo intact,Data from Yale University
3895060,Tower,"Tower 14 doorway on to extension of Chemin de Ronde, E face of tower|Tower 14",1931,Date of Photography 1931-1932 or 1932-1933,Architecture and City Planning,,Yale University Art Gallery,dura-e322~01,Dura Europos (Salahiyeh),Syria,Image source Dura field photo|Image type replacement negative|Condition of photo intact,Data from Yale University
3895059,Tower,"Tower 14, SW tower of city wall seen from SE|Tower 14",1931,Date of Photography 1931-1932 or 1932-1933,Architecture and City Planning,,Yale University Art Gallery,dura-e321~01,Dura Europos (Salahiyeh),Syria,Image source Dura field photo|Image type film negative|Condition of photo intact,Data from Yale University
3895058,Fortifications,"Fortifications, SW angle, view along S city wall            ",1931,Date of Photography 1931-1932 or 1932-1933,Architecture and City Planning,,Yale University Art Gallery,dura-e320~01,Dura Europos (Salahiyeh),Syria,Image source Dura field photo|Image type film negative|Condition of photo intact,Data from Yale University
3895057,Fortifications,"Fortifications, SW angle seen from ravine            ",1931,Date of Photography 1931-1932 or 1932-1933,Architecture and City Planning,,Yale University Art Gallery,dura-e319~01,Dura Europos (Salahiyeh),Syria,Image source Dura field photo|Image type replacement negative|Condition of photo intact,Data from Yale University
3895056,South,"South wall, west end from ravine            ",1931,Date of Photography 1931-1932 or 1932-1933,Architecture and City Planning,,Yale University Art Gallery,dura-e318~01,Dura Europos (Salahiyeh),Syria,Image source Dura field photo|Image type film negative|Condition of photo intact,Data from Yale University
3895055,SW,"SW corner, wall and Tower 14 damaged by mine|SW corner, Tower 14",1931,Date of Photography 1931-1932 or 1932-1933,Architecture and City Planning,,Yale University Art Gallery,dura-e316~01,Dura Europos (Salahiyeh),Syria,Image source Dura field photo|Image type film negative|Condition of photo intact,Data from Yale University
3895054,Main,Main Gate (Palmyrene Gate) from NW|Main Gate (Palmyrene Gate)            ,1931,Date of Photography 1931-1932 or 1932-1933,Architecture and City Planning,,Yale University Art Gallery,dura-e315~01,Dura Europos (Salahiyeh),Syria,Image source Dura field photo|Image type film negative|Condition of photo intact,Data from Yale University
3895053,Fortifications,"Fortifications, SW angle            ",1931,Date of Photography 1931-1932 or 1932-1933,Architecture and City Planning,,Yale University Art Gallery,dura-e314~01,Dura Europos (Salahiyeh),Syria,Image source Dura field photo|Image type replacement negative|Condition of photo intact,Data from Yale University
3895052,Temple,"S side of Temple of Azzanathkona, view W|Temple of Azzanathkona            ",1931,Date of Photography 1931-1932 or 1932-1933,Architecture and City Planning,,Yale University Art Gallery,dura-e311~01,Dura Europos (Salahiyeh),Syria,Image source Dura field photo|Image type film negative|Condition of photo intact,Data from Yale University
3895051,Court,Court of Temple of Azzanathkona looking W|Temple of Azzanathkona            ,1931,Date of Photography 1931-1932 or 1932-1933,Architecture and City Planning,,Yale University Art Gallery,dura-e310~01,Dura Europos (Salahiyeh),Syria,Image source Dura field photo|Image type film negative|Condition of photo intact,Data from Yale University
3895050,Altar,Altar in Temple of Azzanathkona|Temple of Azzanathkona            ,1931,Date of Photography 1931-1932 or 1932-1933,Architecture and City Planning,,Yale University Art Gallery,dura-e309~01,Dura Europos (Salahiyeh),Syria,Image source Dura field photo|Image type film negative|Condition of photo intact,Data from Yale University
3895049,S,"S end, shops along Main Street looking E|Main Street, area b            ",1931,Date of Photography 1931-1932 or 1932-1933,Architecture and City Planning,,Yale University Art Gallery,dura-e308~01,Dura Europos (Salahiyeh),Syria,Image source Dura field photo|Image type film negative|Condition of photo intact,Data from Yale University
3895048,g3,"g3 alley, view E from NW corner of g1|Private house, shop - alley",1931,Date of Photography 1931-1932 or 1932-1933,Architecture and City Planning,,Yale University Art Gallery,dura-e307~01,Dura Europos (Salahiyeh),Syria,Image source Dura field photo|Image type film negative|Condition of photo intact,Data from Yale University
3895047,Roman,"Roman market, NE corner looking W|Roman market            ",1931,Date of Photography 1931-1932 or 1932-1933,Architecture and City Planning,,Yale University Art Gallery,dura-e306~01,Dura Europos (Salahiyeh),Syria,Image source Dura field photo|Image type film negative|Condition of photo intact,Data from Yale University
3895046,g2,"g2 alley, view to N|Private house, shop - alley",1931,Date of Photography 1931-1932 or 1932-1933,Architecture and City Planning,,Yale University Art Gallery,dura-e305~01,Dura Europos (Salahiyeh),Syria,Image source Dura field photo|Image type film negative|Condition of photo intact,Data from Yale University
3895045,Paved,"Paved court, stair to N|Private house, shop            ",1931,Date of Photography 1931-1932 or 1932-1933,Architecture and City Planning,,Yale University Art Gallery,dura-e304~01,Dura Europos (Salahiyeh),Syria,Image source Dura field photo|Image type film negative|Condition of photo intact,Data from Yale University
3895044,General,"General view of records office in W end of g3a|Private house, shop",1931,Date of Photography 1931-1932 or 1932-1933,Architecture and City Planning,,Yale University Art Gallery,dura-e303~01,Dura Europos (Salahiyeh),Syria,Image source Dura field photo|Image type film negative|Condition of photo intact,Data from Yale University
3895043,View,View N from SW corner of g1 in to market place along Street f|SW corner of g1 in to market place along Street f,1931,Date of Photography 1931-1932 or 1932-1933,Architecture and City Planning,,Yale University Art Gallery,dura-e302~01,Dura Europos (Salahiyeh),Syria,Image source Dura field photo|Image type film negative|Condition of photo intact,Data from Yale University
3895042,General,"General view of house e, block c7 with ravine in background|House e, block c7",1931,Date of Photography 1931-1932 or 1932-1933,Architecture and City Planning,,Yale University Art Gallery,dura-e301~01,Dura Europos (Salahiyeh),Syria,Image source Dura field photo|Image type film negative|Condition of photo intact,Data from Yale University
3895041,Graffito,Graffito Mithrais?|Private house            ,1931,Date of Photography 1931-1932,Architecture and City Planning,,Yale University Art Gallery,dura-e201~01,Dura Europos (Salahiyeh),Syria,Image source Dura field photo|Image type glass negative|Condition of photo intact,Data from Yale University
3895040,Graffito,"Graffito, 162 AD, probably month of Audynaios",1931,Date of Photography 1931-1932,Architecture and City Planning,,Yale University Art Gallery,dura-e200~01,Dura Europos (Salahiyeh),Syria,Image source Dura field photo|Image type glass negative|Condition of photo intact,Data from Yale University
3895039,Grafito,"Grafito at upper left, horse recognizable by trappings but apparently with duck's head; ABEATH            ",1931,Date of Photography 1931-1932,Architecture and City Planning,,Yale University Art Gallery,dura-e199~01,Dura Europos (Salahiyeh),Syria,Image source Dura field photo|Image type glass negative|Condition of photo intact,Data from Yale University
3895038,Graffito,Graffito (#211)|Private house,1931,Date of Photography 1931-1932,Architecture and City Planning,,Yale University Art Gallery,dura-e198~01,Dura Europos (Salahiyeh),Syria,Image source Dura field photo|Image type glass negative|Condition of photo intact,Data from Yale University
3895037,Graffito,Graffito list of some kind; TWN repeated all down left side            ,1931,Date of Photography 1931-1932,Architecture and City Planning,,Yale University Art Gallery,dura-e197~01,Dura Europos (Salahiyeh),Syria,Image source Dura field photo|Image type glass negative|Condition of photo intact,Data from Yale University
3895036,Graffiti,Graffiti (#198-200)|Private house,1931,Date of Photography 1931-1932,Architecture and City Planning,,Yale University Art Gallery,dura-e196~01,Dura Europos (Salahiyeh),Syria,Image source Dura field photo|Image type glass negative|Condition of photo intact,Data from Yale University
3895035,Graffito/inscription,Graffito/inscription (#198)|Private house,1931,Date of Photography 1931-1932,Architecture and City Planning,,Yale University Art Gallery,dura-e195~01,Dura Europos (Salahiyeh),Syria,Image source Dura field photo|Image type glass negative|Condition of photo intact,Data from Yale University
3895034,Graffitti,Graffitti (#425-427)|Temple of Aphlad,1931,Date of Photography 1931-1932,Architecture and City Planning,,Yale University Art Gallery,dura-e194~01,Dura Europos (Salahiyeh),Syria,Image source Dura field photo|Image type glass negative|Condition of photo intact,Data from Yale University
3895033,Graffito/inscription,"Graffito/inscription (#505), with lines beginning with N/M|Temple of Azzanathkona",1931,Date of Photography 1931-1932,Architecture and City Planning,,Yale University Art Gallery,dura-e192~01,Dura Europos (Salahiyeh),Syria,Image source Dura field photo|Image type glass negative|Condition of photo intact,Data from Yale University
3895032,Graffito,"Graffito, ARTEMID at top            ",1931,Date of Photography 1931-1932,Architecture and City Planning,,Yale University Art Gallery,dura-e191~01,Dura Europos (Salahiyeh),Syria,Image source Dura field photo|Image type glass negative|Condition of photo intact,Data from Yale University
3895031,Graffito,Graffito of accounts (#211-213)|Private house,1931,Date of Photography 1931-1932,Architecture and City Planning,,Yale University Art Gallery,dura-e190~01,Dura Europos (Salahiyeh),Syria,Image source Dura field photo|Image type glass negative|Condition of photo intact,Data from Yale University
3895030,Graffito,Graffito trunk of palm tree or brick arch; some text|Private house            ,1931,Date of Photography 1931-1932,Architecture and City Planning,,Yale University Art Gallery,dura-e189~01,Dura Europos (Salahiyeh),Syria,Image source Dura field photo|Image type glass negative|Condition of photo intact,Data from Yale University
3895029,Graffito,Graffito of Palmyrene Gate|Private house            ,1931,Date of Photography 1931-1932,Architecture and City Planning,,Yale University Art Gallery,dura-e188~01,Dura Europos (Salahiyeh),Syria,Image source Dura field photo|Image type glass negative|Condition of photo intact,Data from Yale University
3895028,Graffito/inscription,Graffito/inscription months - DUSTROU at top; DIOU at bottom            ,1931,Date of Photography 1931-1932,Architecture and City Planning,,Yale University Art Gallery,dura-e187~01,Dura Europos (Salahiyeh),Syria,Image source Dura field photo|Image type glass negative|Condition of photo intact,Data from Yale University
3895027,Graffito,"Graffito (#198-200), S wall of b8, h5|Private house",1931,Date of Photography 1931-1932,Architecture and City Planning,,Yale University Art Gallery,dura-e186~01,Dura Europos (Salahiyeh),Syria,Image source Dura field photo|Image type glass negative|Condition of photo intact,Data from Yale University
3895026,Graffito/inscription,Graffito/inscription            ,1931,Date of Photography 1931-1932,Architecture and City Planning,,Yale University Art Gallery,dura-e185~01,Dura Europos (Salahiyeh),Syria,Image source Dura field photo|Image type glass negative|Condition of photo intact,Data from Yale University
3895025,Graffito,"Graffito, begins with PROS            ",1931,Date of Photography 1931-1932,Architecture and City Planning,,Yale University Art Gallery,dura-e184~01,Dura Europos (Salahiyeh),Syria,Image source Dura field photo|Image type glass negative|Condition of photo intact,Data from Yale University
3895024,Graffito,Graffito (#439) Inscription and figure|Temple of Aphlad,1931,Date of Photography 1931-1932,Architecture and City Planning,,Yale University Art Gallery,dura-e183~01,Dura Europos (Salahiyeh),Syria,Image source Dura field photo|Image type glass negative|Condition of photo intact,Data from Yale University
3895023,Graffitto|Temple,Graffitto|Temple of Aphlad            ,1931,Date of Photography 1931-1932,Architecture and City Planning,,Yale University Art Gallery,dura-e182~01,Dura Europos (Salahiyeh),Syria,Image source Dura field photo|Image type glass negative|Condition of photo intact,Data from Yale University
3895022,Graffito,Graffito 2 musicians|Temple of Aphlad,1931,Date of Photography 1931-1932,Architecture and City Planning,,Yale University Art Gallery,dura-e181~01,Dura Europos (Salahiyeh),Syria,Image source Dura field photo|Image type glass negative|Condition of photo intact,Data from Yale University
3895021,Graffito,"Graffito 3 musicians and male figure to left, Temple of Aphlad-1, W wall|Temple of Aphlad",1931,Date of Photography 1931-1932,Architecture and City Planning,,Yale University Art Gallery,dura-e180~01,Dura Europos (Salahiyeh),Syria,Image source Dura field photo|Image type glass negative|Condition of photo intact,Data from Yale University
3895020,Graffito,Graffito (#438)|Temple of Aphlad,1931,Date of Photography 1931-1932,Architecture and City Planning,,Yale University Art Gallery,dura-e179~01,Dura Europos (Salahiyeh),Syria,Image source Dura field photo|Image type glass negative|Condition of photo intact,Data from Yale University
3895019,Graffito,"Graffito from Temple of Aphlad-1, W wall N of niche 3 Musicians|Temple of Aphlad",1931,Date of Photography 1931-1932,Architecture and City Planning,,Yale University Art Gallery,dura-e178~01,Dura Europos (Salahiyeh),Syria,Image source Dura field photo|Image type glass negative|Condition of photo intact,Data from Yale University
3895018,Graffito,Graffito (#209)|Private house,1931,Date of Photography 1931-1932,Architecture and City Planning,,Yale University Art Gallery,dura-e177~01,Dura Europos (Salahiyeh),Syria,Image source Dura field photo|Image type glass negative|Condition of photo intact,Data from Yale University
3895017,Graffito,Graffito Horse with curling tail; list with prices below            ,1931,Date of Photography 1931-1932,Architecture and City Planning,,Yale University Art Gallery,dura-e176~01,Dura Europos (Salahiyeh),Syria,Image source Dura field photo|Image type glass negative|Condition of photo intact,Data from Yale University
3895016,Graffito|Private,Graffito|Private house            ,1931,Date of Photography 1931-1932,Architecture and City Planning,,Yale University Art Gallery,dura-e175~01,Dura Europos (Salahiyeh),Syria,Image source Dura field photo|Image type glass negative|Condition of photo intact,Data from Yale University
3895015,Fresco,Fresco from Christian Building in niche at W Good shepherd|Christian Building            ,1931,Date of Photography 1931-1932,Architecture and City Planning|Paintings,,Yale University Art Gallery,1932.12|dura-e172~01,Dura Europos (Salahiyeh),Syria,Image source Dura field photo|Image type glass negative|Condition of photo intact,Data from Yale University
3895014,Fresco,"Fresco from Christian chapel, N wall 2 women|Christian building",1931,Date of Photography 1931-1932,Architecture and City Planning|Paintings,,Yale University Art Gallery,"1932.1201, part|dura-e171~01",Dura Europos (Salahiyeh),Syria,Image source Dura field photo|Image type glass negative|Condition of photo intact,Data from Yale University
3895013,Fresco,Fresco (#596) from Christian chapel David and Goliath|Christian building,1931,Date of Photography 1931-1932,Architecture and City Planning|Paintings,,Yale University Art Gallery,dura-e170~01,Dura Europos (Salahiyeh),Syria,Image source Dura field photo|Image type glass negative|Condition of photo intact,Data from Yale University
3894724,Baptistery,"Baptistery  s. wall, drawing of David and Goliath|Christian Building            ",unknown,,Architecture and City Planning|Drawings and Watercolors,,Yale University Art Gallery,dura-ds21~01,Dura Europos (Salahiyeh),Syria,Image source plan/drawing/reconstruction|Image type bw slide|Condition of photo intact,Data from Yale University
3894723,Aerial,Aerial view of Dura            ,unknown,,Architecture and City Planning,,Yale University Art Gallery,dura-ds2~01,Dura Europos (Salahiyeh),Syria,Image type bw slide|Condition of photo intact,Data from Yale University
3894722,Synagogue,"Synagogue - w. wall, infancy of Moses, right half|Synagogue            ",unknown,,Architecture and City Planning,,Yale University Art Gallery,dura-ds19~01,Dura Europos (Salahiyeh),Syria,Image type bw slide|Condition of photo intact,Data from Yale University
3894721,Synagogue,"Synagogue - w. wall, Exodus|Synagogue            ",unknown,,Architecture and City Planning,,Yale University Art Gallery,dura-ds18~01,Dura Europos (Salahiyeh),Syria,Image source Damascus photo|Image type bw slide|Condition of photo intact,Data from Yale University
3894720,Synagogue,"Synagogue - w. wall, the Temple|Synagogue            ",unknown,,Architecture and City Planning,,Yale University Art Gallery,dura-ds16~01,Dura Europos (Salahiyeh),Syria,Image type bw slide|Condition of photo intact,Data from Yale University
3894719,Synagogue,"Synagogue - w. wall, the Red Sea|Synagogue            ",unknown,,Architecture and City Planning,,Yale University Art Gallery,dura-ds15~01,Dura Europos (Salahiyeh),Syria,Image source Damascus photo|Image type bw slide|Condition of photo intact,Data from Yale University
3894718,Synagogue,"Synagogue - w. wall, infancy of Moses, left half|Synagogue            ",unknown,,Architecture and City Planning,,Yale University Art Gallery,dura-ds14~01,Dura Europos (Salahiyeh),Syria,Image source Damascus photo|Image type bw slide|Condition of photo intact,Data from Yale University
3894717,Synagogue,"Synagogue - w. wall, photomontage|Synagogue            ",unknown,,Architecture and City Planning,,Yale University Art Gallery,dura-ds13~01,Dura Europos (Salahiyeh),Syria,Image type bw slide|Condition of photo intact,Data from Yale University
3894716,Synagogue,"Synagogue - n. wall, the Exekiel cycle|Synagogue            ",unknown,,Architecture and City Planning,,Yale University Art Gallery,dura-ds12~01,Dura Europos (Salahiyeh),Syria,Image type bw slide|Condition of photo intact,Data from Yale University
3894715,Sysnagogue,"Sysnagogue - w. wall, Red Sea and Exodus|Synagogue            ",unknown,,Architecture and City Planning,,Yale University Art Gallery,dura-ds11~01,Dura Europos (Salahiyeh),Syria,Image type bw slide|Condition of photo intact,Data from Yale University
3894714,Synagogue,"Synagogue - w. wall, Exodus detail|Synagogue            ",unknown,,Architecture and City Planning,,Yale University Art Gallery,dura-ds10~01,Dura Europos (Salahiyeh),Syria,Image type bw slide|Condition of photo intact,Data from Yale University
3894713,Altar,"Altar from Temple of Atargatis|Temple of Atargatis, vestibule 1",1929,Date of Photography 1929-1930,Architecture and City Planning,,Yale University Art Gallery,dura-c99~01,Dura Europos (Salahiyeh),Syria,Image source Dura field photo|Image type glass negative|Condition of photo intact,Data from Yale University
3894712,Terra,"Terra cotta lamp (#174), Roman type|House of Priests",1929,Date of Photography 1929-1930,Architecture and City Planning,,Yale University Art Gallery,1930.72|dura-c98~01,Dura Europos (Salahiyeh),Syria,Image source Dura field photo|Image type glass negative|Condition of photo intact,Data from Yale University
3894711,Terra,"Terra cotta lamp (#124), Roman type|House of Priests",1929,Date of Photography 1929-1930,Architecture and City Planning,,Yale University Art Gallery,1930.77|dura-c97~01,Dura Europos (Salahiyeh),Syria,Image source Dura field photo|Image type glass negative|Condition of photo intact,Data from Yale University
3894710,Terra,"Terra cotta lamp (#146), Roman type|House of Priests",1929,Date of Photography 1929-1930,Architecture and City Planning,,Yale University Art Gallery,1930.75|dura-c96~01,Dura Europos (Salahiyeh),Syria,Image source Dura field photo|Image type glass negative|Condition of photo intact,Data from Yale University
3894709,Terra,"Terra cotta lamp (#231), Roman type|House of Priests",1929,Date of Photography 1929-1930,Architecture and City Planning,,Yale University Art Gallery,1930.68|dura-c95~01,Dura Europos (Salahiyeh),Syria,Image source Dura field photo|Image type glass negative|Condition of photo intact,Data from Yale University
3894708,Terra,Terra cotta medallion from Priests' House|Priests' House            ,1929,Date of Photography 1929-1930,Architecture and City Planning,,Yale University Art Gallery,1930.538|dura-c94~01,Dura Europos (Salahiyeh),Syria,Image source Dura field photo|Image type glass negative|Condition of photo intact,Data from Yale University
3894707,Bath,"Bath near Main Gate (Palmyrene Gate), entrance to heating flue on S side|Bath near Main Gate (Palmyrene Gate)            ",1929,Date of Photography 1929-1930,Architecture and City Planning,,Yale University Art Gallery,dura-c93~01,Dura Europos (Salahiyeh),Syria,Image source Dura field photo|Image type glass negative|Condition of photo intact,Data from Yale University
3894706,Bath,"Bath near Main Gate (Palmyrene Gate), room f looking toward pool|Bath near Main Gate (Palmyrene Gate)            ",1929,Date of Photography 1929-1930,Architecture and City Planning,,Yale University Art Gallery,dura-c91~01,Dura Europos (Salahiyeh),Syria,Image source Dura field photo|Image type glass negative|Condition of photo intact,Data from Yale University
3894705,Temple,"Temple of Atargatis, probably walled-up doorway from alley to room 8|Temple of Atargatis",1929,Date of Photography 1929-1930,Architecture and City Planning,,Yale University Art Gallery,dura-c90~01,Dura Europos (Salahiyeh),Syria,Image source Dura field photo|Image type glass negative|Condition of photo intact,Data from Yale University
3894704,Temple,"Temple of Atargatis, Semitic inscription on altar of Hadad|Temple of Atargatis            ",1929,Date of Photography 1929-1930,Architecture and City Planning,,Yale University Art Gallery,dura-c9~01,Dura Europos (Salahiyeh),Syria,Image source Dura field photo|Image type glass negative|Condition of photo intact,Data from Yale University
3894703,Temple,"Temple of Atargatis, street SE of temple|Temple of Atargatis            ",1929,Date of Photography 1929-1930,Architecture and City Planning,,Yale University Art Gallery,dura-c89~01,Dura Europos (Salahiyeh),Syria,Image source Dura field photo|Image type glass negative|Condition of photo intact,Data from Yale University
3894702,Bath,"Bath, rear Palmyrene Gate, pool at S end|Bath            ",1929,Date of Photography 1929-1930,Architecture and City Planning,,Yale University Art Gallery,dura-c88~01,Dura Europos (Salahiyeh),Syria,Image source Dura field photo|Image type glass negative|Condition of photo intact,Data from Yale University
3894701,Main,"Main Gate (Palmyrene Gate), work on Main Street|Main Gate (Palmyrene Gate)            ",1929,Date of Photography 1929-1930,Architecture and City Planning,,Yale University Art Gallery,dura-c86~01,Dura Europos (Salahiyeh),Syria,Image source Dura field photo|Image type glass negative|Condition of photo intact,Data from Yale University
3894700,Baths,"Baths at Palmyrene Gate, Main Street, beginning of work|Baths, private house area            ",1929,Date of Photography 1929-1930,Architecture and City Planning,,Yale University Art Gallery,dura-c85~01,Dura Europos (Salahiyeh),Syria,Image source Dura field photo|Image type glass negative|Condition of photo intact,Data from Yale University
3894699,Inscribed,"Inscribed brick (d163) from pavement of NE court, Temple of Atargatis|Temple of Atargatis",1929,Date of Photography 1929-1930,Architecture and City Planning,,Yale University Art Gallery,dura-c82~01,Dura Europos (Salahiyeh),Syria,Image source Dura field photo|Image type glass negative|Condition of photo intact,Data from Yale University
3894698,Temple,"Temple of Atargatis, stela with crescent moon (Hadad)|Temple of Atargatis            ",1929,Date of Photography 1929-1930,Architecture and City Planning,,Yale University Art Gallery,dura-c8~01,Dura Europos (Salahiyeh),Syria,Image source Dura field photo|Image type glass negative|Condition of photo intact,Data from Yale University
3894697,Temple,"Temple of Artemis, looking north along court, room r at right|Temple of Artemis            ",1929,Date of Photography 1929-1930,Architecture and City Planning,,Yale University Art Gallery,dura-c79~01,Dura Europos (Salahiyeh),Syria,Image source Dura field photo|Image type glass negative|Condition of photo intact,Data from Yale University
3894696,Court,"Court a, rooms t and u at right, d at left, Temple of Artemis|Temple of Artemis            ",1929,Date of Photography 1929-1930,Architecture and City Planning,,Yale University Art Gallery,dura-c78~01,Dura Europos (Salahiyeh),Syria,Image source Dura field photo|Image type glass negative|Condition of photo intact,Data from Yale University
3894695,Temple,"Temple of Atargatis, general view from SE, court and rooms on north|Temple of Atargatis            ",1929,Date of Photography 1929-1930,Architecture and City Planning,,Yale University Art Gallery,dura-c77~01,Dura Europos (Salahiyeh),Syria,Image source Dura field photo|Image type glass negative|Condition of photo intact,Data from Yale University
3894694,Tychaeum,"Tychaeum, N side of main street|Tychaeum            ",1929,Date of Photography 1929-1930,Architecture and City Planning,,Yale University Art Gallery,dura-c76~01,Dura Europos (Salahiyeh),Syria,Image source Dura field photo|Image type glass negative|Condition of photo intact,Data from Yale University
3894693,Silver,Silver head from Temple of Artemis|Temple of Artemis            ,1929,Date of Photography 1929-1930,Architecture and City Planning,,Yale University Art Gallery,1938.221|dura-c75~01,Dura Europos (Salahiyeh),Syria,Image source Dura field photo|Image type glass negative|Condition of photo intact,Data from Yale University
3894692,Temple,"Temple of Atargatis, west gradius and 1 pedestal on north wall|Temple of Atargatis",1929,Date of Photography 1929-1930,Architecture and City Planning,,Yale University Art Gallery,dura-c74~01,Dura Europos (Salahiyeh),Syria,Image source Dura field photo|Image type glass negative|Condition of photo intact,Data from Yale University
3894691,Entrance,"Entrance to sanctuary, Temple of Artemis|Temple of Artemis            ",1929,Date of Photography 1929-1930,Architecture and City Planning,,Yale University Art Gallery,dura-c73~01,Dura Europos (Salahiyeh),Syria,Image source Dura field photo|Image type glass negative|Condition of photo intact,Data from Yale University
3894690,Room,"Room s with benches, looking east, Temple of Artemis|Temple of Artemis            ",1929,Date of Photography 1929-1930,Architecture and City Planning,,Yale University Art Gallery,dura-c72~01,Dura Europos (Salahiyeh),Syria,Image source Dura field photo|Image type glass negative|Condition of photo intact,Data from Yale University
3894689,Court,"Court with altar at right and pronaos facade, Temple of Atargatis|Temple of Atargatis            ",1929,Date of Photography 1929-1930,Architecture and City Planning,,Yale University Art Gallery,dura-c71~01,Dura Europos (Salahiyeh),Syria,Image source Dura field photo|Image type glass negative|Condition of photo intact,Data from Yale University
3894688,Court,"Court, monumental altar (?), Temple of Artemis|Temple of Artemis            ",1929,Date of Photography 1929-1930,Architecture and City Planning,,Yale University Art Gallery,dura-c70~01,Dura Europos (Salahiyeh),Syria,Image source Dura field photo|Image type glass negative|Condition of photo intact,Data from Yale University
3894687,Inscription,Inscription of Ammonios from h2 Court|Temple of Atargatis,1929,Date of Photography 1920-1930,Architecture and City Planning,,Yale University Art Gallery,dura-c7~01,Dura Europos (Salahiyeh),Syria,Image source Dura field photo|Image type glass negative|Condition of photo intact,Data from Yale University
3894686,Construction,"Construction in front of rooms at west end of y, Temple of Artemis|Temple of Artemis            ",1929,Date of Photography 1929-1930,Architecture and City Planning,,Yale University Art Gallery,dura-c69~01,Dura Europos (Salahiyeh),Syria,Image source Dura field photo|Image type glass negative|Condition of photo intact,Data from Yale University
3894685,Detail,Detail of end of gradius on west side|Temple of Atargatis            ,1929,Date of Photography 1929-1930,Architecture and City Planning,,Yale University Art Gallery,dura-c68~01,Dura Europos (Salahiyeh),Syria,Image source Dura field photo|Image type glass negative|Condition of photo intact,Data from Yale University
3894684,Fragment,"Fragment of painted inscription (d165) from Room 9, Temple of Atargatis|Temple of Atargatis",1929,Date of Photography 1929-1930,Architecture and City Planning,,Yale University Art Gallery,dura-c67~01,Dura Europos (Salahiyeh),Syria,Image source Dura field photo|Image type glass negative|Condition of photo intact,Data from Yale University
3894683,Room,"Room 23, Temple of Atargatis, west gradius and pedestals on north wall|Temple of Atargatis",1929,Date of Photography 1929-1930,Architecture and City Planning,,Yale University Art Gallery,dura-c66~01,Dura Europos (Salahiyeh),Syria,Image source Dura field photo|Image type glass negative|Condition of photo intact,Data from Yale University
3894682,Room,"Room 21 from south, Temple of Atargatis|Temple of Atargatis",1929,Date of Photography 1929-1930,Architecture and City Planning,,Yale University Art Gallery,dura-c65~01,Dura Europos (Salahiyeh),Syria,Image source Dura field photo|Image type glass negative|Condition of photo intact,Data from Yale University
3894681,Altar,"Altar in court, Temple of Atargatis|Temple of Atargatis            ",1929,Date of Photography 1929-1930,Architecture and City Planning,,Yale University Art Gallery,dura-c64~01,Dura Europos (Salahiyeh),Syria,Image source Dura field photo|Image type glass negative|Condition of photo intact,Data from Yale University
3894680,Fallen,"Fallen arch in street between two temples, Temple of Atargatis|Temple of Atargatis            ",1929,Date of Photography 1929-1930,Architecture and City Planning,,Yale University Art Gallery,dura-c63~01,Dura Europos (Salahiyeh),Syria,Image source Dura field photo|Image type glass negative|Condition of photo intact,Data from Yale University
3894679,Inscription,"Inscription (d162), Temple of Artemis|Temple of Artemis",1929,Date of Photography 1929-1930,Architecture and City Planning,,Yale University Art Gallery,dura-c62~01,Dura Europos (Salahiyeh),Syria,Image source Dura field photo|Image type glass negative|Condition of photo intact,Data from Yale University
3894678,Storage,"Storage jar from room 14, Temple of Atargatis|Temple of Atargatis",1929,Date of Photography 1929-1930,Architecture and City Planning,,Yale University Art Gallery,dura-c61~01,Dura Europos (Salahiyeh),Syria,Image source Dura field photo|Image type glass negative|Condition of photo intact,Data from Yale University
3894677,Temple,"Temple of Atargatis, general view on main axis from Street 4|Temple of Atargatis",1929,Date of Photography 1929-1930,Architecture and City Planning,,Yale University Art Gallery,dura-c60~01,Dura Europos (Salahiyeh),Syria,Image source Dura field photo|Image type glass negative|Condition of photo intact,Data from Yale University
3894676,Group,Group of workmen dancing the Deliche (sp?)            ,1929,Date of Photography 1929-1930,Architecture and City Planning,,Yale University Art Gallery,dura-c6~01,Dura Europos (Salahiyeh),Syria,Image source Dura field photo|Image type glass negative|Condition of photo intact,Data from Yale University
3894675,Entrance,"Entrance 22, Temple of Atargatis, looking toward Street 3|Temple of Atargatis",1929,Date of Photography 1929-1930,Architecture and City Planning,,Yale University Art Gallery,dura-c59~01,Dura Europos (Salahiyeh),Syria,Image source Dura field photo|Image type glass negative|Condition of photo intact,Data from Yale University
3894674,Altar,"Altar in outside corner of room Z, Temple of Artemis|Temple of Artemis            ",1929,Date of Photography 1929-1930,Architecture and City Planning,,Yale University Art Gallery,dura-c58~01,Dura Europos (Salahiyeh),Syria,Image source Dura field photo|Image type glass negative|Condition of photo intact,Data from Yale University
3894673,Fragment,"Fragment of fallen vault or arch, Room U, Temple of Artemis|Temple of Artemis            ",1929,Date of Photography 1929-1930,Architecture and City Planning,,Yale University Art Gallery,dura-c57~01,Dura Europos (Salahiyeh),Syria,Image source Dura field photo|Image type glass negative|Condition of photo intact,Data from Yale University
3894672,Court,"Court, southern part looking west, Temple of Artemis|Temple of Artemis            ",1929,Date of Photography 1929-1930,Architecture and City Planning,,Yale University Art Gallery,dura-c56~01,Dura Europos (Salahiyeh),Syria,Image source Dura field photo|Image type glass negative|Condition of photo intact,Data from Yale University
3894671,Temple,"Temple of Atargatis, general view to NE (?)|Temple of Atargatis            ",1929,Date of Photography 1929-1930,Architecture and City Planning,,Yale University Art Gallery,dura-c55~01,Dura Europos (Salahiyeh),Syria,Image source Dura field photo|Image type glass negative|Condition of photo intact,Data from Yale University
3894670,Court,"Court, looking north from Boule H, Temple of Artemis|Temple of Artemis            ",1929,Date of Photography 1929-1930,Architecture and City Planning,,Yale University Art Gallery,dura-c54~01,Dura Europos (Salahiyeh),Syria,Image source Dura field photo|Image type glass negative|Condition of photo intact,Data from Yale University
3894669,Base,"Base of statuette, Temple of Atargatis|Temple of Atargatis            ",1929,Date of Photography 1929-1930,Architecture and City Planning|Sculpture and Installations,,Yale University Art Gallery,1930.539|dura-c53~01,Dura Europos (Salahiyeh),Syria,Image source Dura field photo|Image type glass negative|Condition of photo intact,Data from Yale University
3894668,Bust,"Bust of woman, Temple of Artemis|Temple of Artemis            ",1929,Date of Photography 1929-1930,Architecture and City Planning|Sculpture and Installations,,Yale University Art Gallery,dura-c52~01,Dura Europos (Salahiyeh),Syria,Image source Dura field photo|Image type glass negative|Condition of photo intact,Data from Yale University
3894667,Staircase,"Staircase 3 from in front, Temple of Atargatis|Temple of Atargatis",1929,Date of Photography 1929-1930,Architecture and City Planning,,Yale University Art Gallery,dura-c51~01,Dura Europos (Salahiyeh),Syria,Image source Dura field photo|Image type glass negative|Condition of photo intact,Data from Yale University
3894666,Side,"Side view of staircase 3, Temple of Atargatis|Temple of Atargatis",1929,Date of Photography 1929-1930,Architecture and City Planning,,Yale University Art Gallery,dura-c50~01,Dura Europos (Salahiyeh),Syria,Image source Dura field photo|Image type glass negative|Condition of photo intact,Data from Yale University
3894665,Temple,"Temple of Atargatis, altar of Gemellos|Temple of Atargatis            ",1929,Date of Photography 1929-1930,Architecture and City Planning,,Yale University Art Gallery,dura-c5~01,Dura Europos (Salahiyeh),Syria,Image source Dura field photo|Image type glass negative|Condition of photo intact,Data from Yale University
3894664,Altar,"Altar of Scorianus, Temple of Atargatis|Temple of Atargatis            ",1929,Date of Photography 1929-1930,Architecture and City Planning,,Yale University Art Gallery,dura-c49~01,Dura Europos (Salahiyeh),Syria,Image source Dura field photo|Image type glass negative|Condition of photo intact,Data from Yale University
3894663,Sculptured,Sculptured relief with Greek inscription from SW angle near Tower 14|Tower 14,1929,Date of Photography 1929-1930,Architecture and City Planning|Sculpture and Installations,,Yale University Art Gallery,dura-c48~01,Dura Europos (Salahiyeh),Syria,Image source Dura field photo|Image type glass negative|Condition of photo intact,Data from Yale University
3894662,3,"3 superimposed stone basins beside doorway to court, at R, altar of Scorianus, Entrance 1, Temple of Atargatis|Temple of Atargatis",1929,Date of Photography 1929-1930,Architecture and City Planning,,Yale University Art Gallery,dura-c47~01,Dura Europos (Salahiyeh),Syria,Image source Dura field photo|Image type glass negative|Condition of photo intact,Data from Yale University
3894661,Altar,"Altar of Skaurianos #158, Temple of Atargatis, angle NW|Temple of Atargatis",1929,Date of Photography 1929-1930,Architecture and City Planning,,Yale University Art Gallery,dura-c46~01,Dura Europos (Salahiyeh),Syria,Image source Dura field photo|Image type glass negative|Condition of photo intact,Data from Yale University
3894660,SW,"SW Bastion, voussoir|SW Bastion            ",1929,Date of Photography 1929-1930,Architecture and City Planning,,Yale University Art Gallery,1930.554|dura-c45~01,Dura Europos (Salahiyeh),Syria,Image source Dura field photo|Image type glass negative|Condition of photo intact,Data from Yale University
3894659,Courtine,"Courtine 12-14, Tower gate to Tower 13 (?)|Tower 13",1929,Date of Photography 1929-1930,Architecture and City Planning,,Yale University Art Gallery,dura-c44~01,Dura Europos (Salahiyeh),Syria,Image source Dura field photo|Image type glass negative|Condition of photo intact,Data from Yale University
3894658,Magazine,Magazine of Great Pots|Street G outside Temple of Artemis H            ,1929,Date of Photography 1929-1930,Architecture and City Planning,,Yale University Art Gallery,dura-c43~01,Dura Europos (Salahiyeh),Syria,Image source Dura field photo|Image type glass negative|Condition of photo intact,Data from Yale University
3894657,Magazine,"Magazine of great pots|Street G outside Temple of Artemis, H            ",1929,Date of Photography 1929-1930,Architecture and City Planning,,Yale University Art Gallery,dura-c42~01,Dura Europos (Salahiyeh),Syria,Image source Dura field photo|Image type glass negative|Condition of photo intact,Data from Yale University
3894656,Fallen,"Fallen door from NW annex, Temple of Artemis|Temple of Artemis            ",1929,Date of Photography 1929-1930,Architecture and City Planning,,Yale University Art Gallery,dura-c41~01,Dura Europos (Salahiyeh),Syria,Image source Dura field photo|Image type glass negative|Condition of photo intact,Data from Yale University
3894655,Ivory,"Ivory statuette, Room C, Temple of Artemis|Temple of Artemis            ",1929,Date of Photography 1929-1930,Architecture and City Planning,,Yale University Art Gallery,1929.391|dura-c40~01,Dura Europos (Salahiyeh),Syria,"Image source Dura field photo|Image type glass negative|Condition of photo intact, tiny chip",Data from Yale University
3894654,Temple,"Temple of Atargatis, altar of Gemellos to Atargatis outside pronaos 14|Temple of Atargatis",1929,Date of Photography 1929-1930,Architecture and City Planning,,Yale University Art Gallery,dura-c4~01,Dura Europos (Salahiyeh),Syria,Image source Dura field photo|Image type glass negative|Condition of photo intact,Data from Yale University
3894653,Gate,"Gate on courtine 12-14, almost replica of [c37]|Tower 13",1929,Date of Photography 1929-1930,Architecture and City Planning,,Yale University Art Gallery,dura-c38~01,Dura Europos (Salahiyeh),Syria,Image source Dura field photo|Image type glass negative|Condition of photo broken,Data from Yale University
3894652,Voussior,Voussior - SW Bastion|SW Bastion            ,1929,Date of Photography 1929-1930,Architecture and City Planning,,Yale University Art Gallery,1930.554|dura-c35~01,Dura Europos (Salahiyeh),Syria,Image source Dura field photo|Image type glass negative|Condition of photo intact,Data from Yale University
3894651,Temple,"Temple of Artemis, Boule H|Temple of Artemis            ",1929,Date of Photography 1929-1930,Architecture and City Planning,,Yale University Art Gallery,dura-c34~01,Dura Europos (Salahiyeh),Syria,Image source Dura field photo|Image type glass negative|Condition of photo intact,Data from Yale University
3894650,Thymaterion,Thymaterion from Temple of Artemis 1) found by Cumont; 2) found NE angle vest. A|Temple of Artemis,1929,Date of Photography 1929-1930,Architecture and City Planning,,Yale University Art Gallery,dura-c33~01,Dura Europos (Salahiyeh),Syria,Image source Dura field photo|Image type glass negative|Condition of photo intact,Data from Yale University
3894649,Gate,"Gate of Tower 12, view from E|Tower 12",1929,Date of Photography 1929-1930,Architecture and City Planning,,Yale University Art Gallery,dura-c32~01,Dura Europos (Salahiyeh),Syria,Image source Dura field photo|Image type glass negative|Condition of photo intact,Data from Yale University
3894648,Temple,"Temple of Artagatis, entrance to pronaos 14|Temple of Artagatis",1929,Date of Photography 1929-1930,Architecture and City Planning,,Yale University Art Gallery,dura-c3~01,Dura Europos (Salahiyeh),Syria,Image source Dura field photo|Image type glass negative|Condition of photo broken,Data from Yale University
3894647,Pronaos,"Pronaos C under flood, Temple of Artemis|Temple of Artemis            ",1929,Date of Photography 1929-1930,Architecture and City Planning,,Yale University Art Gallery,dura-c29~01,Dura Europos (Salahiyeh),Syria,Image source Dura field photo|Image type glass negative|Condition of photo intact,Data from Yale University
3894646,Courtine,"Courtine 12, view from Tower|Tower [12], courtine 12",1929,Date of Photography 1929-1930,Architecture and City Planning,,Yale University Art Gallery,dura-c28~01,Dura Europos (Salahiyeh),Syria,Image source Dura field photo|Image type glass negative|Condition of photo intact,Data from Yale University
3894645,Temple,"Temple of Artemis, flooded, as seen from Boule H|Temple of Artemis            ",1929,Date of Photography 1929-1930,Architecture and City Planning,,Yale University Art Gallery,dura-c27~01,Dura Europos (Salahiyeh),Syria,Image source Dura field photo|Image type glass negative|Condition of photo intact,Data from Yale University
3894644,Excavation,Excavation of courtine and Tower 12|Tower 12,1929,Date of Photography 1929-1930,Architecture and City Planning,,Yale University Art Gallery,dura-c26~01,Dura Europos (Salahiyeh),Syria,Image source Dura field photo|Image type glass negative|Condition of photo intact,Data from Yale University
3894643,Inscribed,"Inscribed steps, Room NW of C1, originally from pronaos C, Temple of Artemis|Temple of Artemis",1929,Date of Photography 1929-1930,Architecture and City Planning,,Yale University Art Gallery,dura-c25~01,Dura Europos (Salahiyeh),Syria,Image source Dura field photo|Image type glass negative|Condition of photo intact,Data from Yale University
3894642,Pieces,"Pieces of broken lintel, door to pronaos 14, Temple of Atargatis|Temple of Atargatis",1929,Date of Photography 1929-1930,Architecture and City Planning,,Yale University Art Gallery,dura-c24~01,Dura Europos (Salahiyeh),Syria,Image source Dura field photo|Image type glass negative|Condition of photo intact,Data from Yale University
3894641,Inscription,"Inscription of Seleucus Nicator (#15T), NW Room Q, Temple of Artemis|Temple of Artemis",1929,Date of Photography 1929-1930,Architecture and City Planning,,Yale University Art Gallery,dura-c23~01,Dura Europos (Salahiyeh),Syria,Image source Dura field photo|Image type glass negative|Condition of photo intact,Data from Yale University
3894640,Broken,"Broken lintel from door to pronaos 14, Temple of Atargatis|Temple of Atargatis",1929,Date of Photography 1929-1930,Architecture and City Planning,,Yale University Art Gallery,dura-c22~01,Dura Europos (Salahiyeh),Syria,Image source Dura field photo|Image type glass negative|Condition of photo intact,Data from Yale University
3894639,Temple,"Temple of Artemis, removal of debris|Temple of Artemis            ",1929,Date of Photography 1929-1930,Architecture and City Planning,,Yale University Art Gallery,dura-c2~01,Dura Europos (Salahiyeh),Syria,Image source Dura field photo|Image type glass negative|Condition of photo intact,Data from Yale University
3894638,Temple,"Temple of Atargatis, Court A, view from S across chapel of Aphrodite, B|Temple of Atargatis            ",1929,Date of Photography 1929-1930,Architecture and City Planning,,Yale University Art Gallery,dura-c19~01,Dura Europos (Salahiyeh),Syria,Image source Dura field photo|Image type glass negative|Condition of photo intact,Data from Yale University
3894637,Relief,"Relief of Hadad and Atargatis|Temple of Atargatis, court            ",1929,Date of Photography 1929-1930,Architecture and City Planning,,Yale University Art Gallery,1938.5343 (1930.319)|dura-c184~01,Dura Europos (Salahiyeh),Syria,Image source Dura field photo|Image type glass negative|Condition of photo intact,Data from Yale University
3894636,General,"General view, temples of Artemis and Atargatis from NW|Temples of Artemis and Atargatis from NW            ",1929,Date of Photography 1929-1930,Architecture and City Planning,,Yale University Art Gallery,dura-c183~01,Dura Europos (Salahiyeh),Syria,Image source Dura field photo|Image type glass negative|Condition of photo intact,Data from Yale University
3894635,Tower,Tower 8|Tower 8,1929,Date of Photography 1929-1930,Architecture and City Planning,,Yale University Art Gallery,dura-c182~01,Dura Europos (Salahiyeh),Syria,Image source Dura field photo|Image type glass negative|Condition of photo intact,Data from Yale University
3894634,Southern,"Southern part of court of Temple of Artemis, looking west toward m|Temple of Artemis            ",1929,Date of Photography 1929-1930,Architecture and City Planning,,Yale University Art Gallery,dura-c181~01,Dura Europos (Salahiyeh),Syria,Image source Dura field photo|Image type glass negative|Condition of photo intact,Data from Yale University
3894633,Street,Street between temples of Artemis and Atargatis|Street between temples of Artemis and Atargatis            ,1929,Date of Photography 1929-1930,Architecture and City Planning,,Yale University Art Gallery,dura-c180~01,Dura Europos (Salahiyeh),Syria,Image source Dura field photo|Image type glass negative|Condition of photo intact,Data from Yale University
3894632,Fragments,"Fragments of doorjambs, etc. from facade of pronaos 14 of Temple of Atargatis|Temple of Atargatis",1929,Date of Photography 1929-1930,Architecture and City Planning,,Yale University Art Gallery,dura-c18~01,Dura Europos (Salahiyeh),Syria,Image source Dura field photo|Image type glass negative|Condition of photo intact,Data from Yale University
3894631,SW,"SW Bastion, curtain 13-14|SW Bastion",1929,Date of Photography 1929-1930,Architecture and City Planning,,Yale University Art Gallery,dura-c179~01,Dura Europos (Salahiyeh),Syria,Image source Dura field photo|Image type glass negative|Condition of photo intact,Data from Yale University
3894630,SW,"SW Bastion, curtain 13-14|SW Bastion",1929,Date of Photography 1929-1930,Architecture and City Planning,,Yale University Art Gallery,dura-c178~01,Dura Europos (Salahiyeh),Syria,Image source Dura field photo|Image type glass negative|Condition of photo intact,Data from Yale University
3894629,Temple,"Temple of Atargatis, court looking toward tooms on north side|Temple of Atargatis            ",1929,Date of Photography 1929-1930,Architecture and City Planning,,Yale University Art Gallery,dura-c177~01,Dura Europos (Salahiyeh),Syria,Image source Dura field photo|Image type glass negative|Condition of photo intact,Data from Yale University
3894628,Temple,Temple of Artemis looking west across court to sanctuary|Temple of Artemis            ,1929,Date of Photography 1929-1930,Architecture and City Planning,,Yale University Art Gallery,dura-c176~01,Dura Europos (Salahiyeh),Syria,Image source Dura field photo|Image type glass negative|Condition of photo intact,Data from Yale University
3894627,Temple,Temple of Atargatis|Temple of Atargatis            ,1929,Date of Photography 1929-1930,Architecture and City Planning,,Yale University Art Gallery,dura-c174~01,Dura Europos (Salahiyeh),Syria,Image source Dura field photo|Image type glass negative|Condition of photo intact,Data from Yale University
3894626,Boule,"Boule H, Temple of Artemis|Temple of Artemis            ",1929,Date of Photography 1929-1930,Architecture and City Planning,,Yale University Art Gallery,dura-c173~01,Dura Europos (Salahiyeh),Syria,Image source Dura field photo|Image type glass negative|Condition of photo intact,Data from Yale University
3894625,Tower,"Tower 1, interior|Tower 1",1929,Date of Photography 1929-1930,Architecture and City Planning,,Yale University Art Gallery,dura-c172~01,Dura Europos (Salahiyeh),Syria,Image source Dura field photo|Image type glass negative|Condition of photo intact,Data from Yale University
3894624,Graffito,"Graffito, NW Vestibule, Temple of Artemis|NW Vestibule, Temple of Artemis            ",1929,Date of Photography 1929-1930,Architecture and City Planning,,Yale University Art Gallery,dura-c171~01,Dura Europos (Salahiyeh),Syria,Image source Dura field photo|Image type glass negative|Condition of photo intact,Data from Yale University
3894623,Fortifications,"Fortifications, NW angle, Tower 1, interior|Tower 1",1929,Date of Photography 1929-1930,Architecture and City Planning,,Yale University Art Gallery,dura-c170~01,Dura Europos (Salahiyeh),Syria,Image source Dura field photo|Image type glass negative|Condition of photo intact,Data from Yale University
3894622,Graffito,"Graffito, NW Vestibule (t), Temple of Artemis|NW Vestibule, Temple of Artemis            ",1929,Date of Photography 1929-1930,Architecture and City Planning,,Yale University Art Gallery,dura-c169~01,Dura Europos (Salahiyeh),Syria,Image source Dura field photo|Image type glass negative|Condition of photo intact,Data from Yale University
3894621,Graffito,"Graffito, NW vestibule (T), Temple of Artemis|NW vestibule, Temple of Artemis            ",1929,Date of Photography 1929-1930,Architecture and City Planning,,Yale University Art Gallery,dura-c168~01,Dura Europos (Salahiyeh),Syria,Image source Dura field photo|Image type glass negative|Condition of photo intact,Data from Yale University
3894620,Graffito,"Graffito, House of Priests|House of Priests            ",1929,Date of Photography 1929-1930,Architecture and City Planning,,Yale University Art Gallery,dura-c167~01,Dura Europos (Salahiyeh),Syria,Image source Dura field photo|Image type glass negative|Condition of photo intact,Data from Yale University
3894619,Graffito,"Graffito, House of Priests|House of Priests            ",1929,Date of Photography 1929-1930,Architecture and City Planning,,Yale University Art Gallery,dura-c166~01,Dura Europos (Salahiyeh),Syria,Image source Dura field photo|Image type glass negative|Condition of photo intact,Data from Yale University
3894618,Graffito,"Graffito, House of Priests|House of Priests            ",1929,Date of Photography 1929-1930,Architecture and City Planning,,Yale University Art Gallery,dura-c165~01,Dura Europos (Salahiyeh),Syria,Image source Dura field photo|Image type glass negative|Condition of photo intact,Data from Yale University
3894617,Fortifications,"Fortifications, NW angle, Tower 1 from court of Bel Temple before excavation|Tower 1",1929,Date of Photography 1929-1930,Architecture and City Planning,,Yale University Art Gallery,dura-c164~01,Dura Europos (Salahiyeh),Syria,Image source Dura field photo|Image type glass  negative|Condition of photo intact,Data from Yale University
3894616,Graffito,"Graffito, SW Bastion|SW Bastion            ",1929,Date of Photography 1929-1930,Architecture and City Planning,,Yale University Art Gallery,dura-c163~01,Dura Europos (Salahiyeh),Syria,Image source Dura field photo|Image type glass negative|Condition of photo intact,Data from Yale University
3894615,anlge,anlge of base of Tower 4 NW citadel|Tower 4,1929,Date of Photography 1929-1930,Architecture and City Planning,,Yale University Art Gallery,dura-c162~01,Dura Europos (Salahiyeh),Syria,Image source Dura field photo|Image type glass negative|Condition of photo intact,Data from Yale University
3894614,Group,Group of workers            ,1929,Date of Photography 1929-1930,Architecture and City Planning,,Yale University Art Gallery,dura-c161~01,Dura Europos (Salahiyeh),Syria,Image source Dura field photo|Image type glass negative|Condition of photo intact,Data from Yale University
3894613,small,small stone altars            ,1929,Date of Photography 1929-1930,Architecture and City Planning,,Yale University Art Gallery,dura-c160~01,Dura Europos (Salahiyeh),Syria,Image source Dura field photo|Image type glass negative|Condition of photo intact,Data from Yale University
3894612,Examples,Examples of pottery            ,1929,Date of Photography 1929-1930,Architecture and City Planning,,Yale University Art Gallery,dura-c159~01,Dura Europos (Salahiyeh),Syria,Image source Dura field photo|Image type glass negative|Condition of photo intact,Data from Yale University
3894611,Examples,Examples of pottery            ,1929,Date of Photography 1929-1930,Architecture and City Planning,,Yale University Art Gallery,dura-c158~01,Dura Europos (Salahiyeh),Syria,Image source Dura field photo|Image type glass negative|Condition of photo broken,Data from Yale University
3894610,Head,Head of Hadad|Temple of Atargatis            ,1929,Date of Photography 1929-1930,Architecture and City Planning,,Yale University Art Gallery,1930.318|dura-c157~01,Dura Europos (Salahiyeh),Syria,Image source Dura field photo|Image type glass negative|Condition of photo broken,Data from Yale University
3894609,Mound,Mound of earth in form of jar in which it was contained|Temple of Atargatis            ,1929,Date of Photography 1929-1930,Architecture and City Planning,,Yale University Art Gallery,dura-c156~01,Dura Europos (Salahiyeh),Syria,Image source Dura field photo|Image type glass negative|Condition of photo intact,Data from Yale University
3894608,Hadad,Hadad head|Temple of Atargatis            ,1929,Date of Photography 1929-1930,Architecture and City Planning,,Yale University Art Gallery,1930.318|dura-c155~01,Dura Europos (Salahiyeh),Syria,Image source Dura field photo|Image type glass negative|Condition of photo intact,Data from Yale University
3894607,Fortifications,"Fortifications, NW angle, Tower 1, SE corner|Tower 1",1929,Date of Photography 1929-1930,Architecture and City Planning,,Yale University Art Gallery,dura-c154~01,Dura Europos (Salahiyeh),Syria,Image source Dura field photo|Image type glass negative|Condition of photo intact,Data from Yale University
3894606,Troop,Troop of horsemen            ,1929,Date of Photography 1929-1930,Architecture and City Planning,,Yale University Art Gallery,dura-c153~01,Dura Europos (Salahiyeh),Syria,Image source Dura field photo|Image type glass negative|Condition of photo intact,Data from Yale University
3894605,Inscription,Inscription (d149)|Temple of Artemis,1929,Date of Photography 1929-1930,Architecture and City Planning,,Yale University Art Gallery,1930.626|dura-c152~01,Dura Europos (Salahiyeh),Syria,Image source Dura field photo|Image type glass negative|Condition of photo intact,Data from Yale University
3894604,Angle,Angle of base of NW Tower of Citadel|Citadel            ,1929,Date of Photography 1929-1930,Architecture and City Planning,,Yale University Art Gallery,dura-c151~01,Dura Europos (Salahiyeh),Syria,Image source Dura field photo|Image type glass negative|Condition of photo intact,Data from Yale University
3894603,Inscriptions,"Inscriptions, pronaos, Temple of Artemis|Temple of Artemis            ",1929,Date of Photography 1929-1930,Architecture and City Planning,,Yale University Art Gallery,dura-c149~01,Dura Europos (Salahiyeh),Syria,Image source Dura field photo|Image type glass negative|Condition of photo intact,Data from Yale University
3894602,Inscriptions,"Inscriptions, pronaos, Temple of Artemis|Temple of Artemis            ",1929,Date of Photography 1929-1930,Architecture and City Planning,,Yale University Art Gallery,dura-c148~01,Dura Europos (Salahiyeh),Syria,Image source Dura field photo|Image type glass negative|Condition of photo intact,Data from Yale University
3894601,Inscriptions,"Inscriptions, pronaos, Temple of Artemis|Temple of Artemis            ",1929,Date of Photography 1929-1930,Architecture and City Planning,,Yale University Art Gallery,dura-c147~01,Dura Europos (Salahiyeh),Syria,Image source Dura field photo|Image type glass negative|Condition of photo intact,Data from Yale University
3894600,Inscription,"Inscription (Gradius), pronaos, Temple of Artemis|Temple of Artemis            ",1929,Date of Photography 1929-1930,Architecture and City Planning,,Yale University Art Gallery,dura-c146~01,Dura Europos (Salahiyeh),Syria,Image source Dura field photo|Image type glass negative|Condition of photo intact,Data from Yale University
3894599,Inscriptions,"Inscriptions from naos, Temple of Artemis|Temple of Artemis            ",1929,Date of Photography 1929-1930,Architecture and City Planning,,Yale University Art Gallery,dura-c145~01,Dura Europos (Salahiyeh),Syria,Image source Dura field photo|Image type glass negative|Condition of photo intact,Data from Yale University
3894598,Parthian,"Parthian altar, right side, curtain 12-14|Temple of Aphlad",1929,Date of Photography 1929-1930,Architecture and City Planning,,Yale University Art Gallery,1930.321|dura-c143~01,Dura Europos (Salahiyeh),Syria,Image source Dura field photo|Image type glass negative|Condition of photo broken,Data from Yale University
3894597,Parthian,"Parthian altar, front, curtain 12-14|Temple of Aphlad",1929,Date of Photography 1929-1930,Architecture and City Planning,,Yale University Art Gallery,1930.321|dura-c142~01,Dura Europos (Salahiyeh),Syria,Image source Dura field photo|Image type glass negative|Condition of photo intact,Data from Yale University
3894596,Parthian,"Parthian altar, front, curtain 12-14|Temple of Aphlad",1929,Date of Photography 1929-1930,Architecture and City Planning,,Yale University Art Gallery,1930.321|dura-c141~01,Dura Europos (Salahiyeh),Syria,Image source Dura field photo|Image type glass negative|Condition of photo intact,Data from Yale University
3894595,Parthian,"Parthian altar, right side, curtain 12-14|Temple of Aphlad",1929,Date of Photography 1929-1930,Architecture and City Planning,,Yale University Art Gallery,1930.321|dura-c140~01,Dura Europos (Salahiyeh),Syria,Image source Dura field photo|Image type glass negative|Condition of photo intact,Data from Yale University
3894594,Parthian,"Parthian altar, lift side, curtain 12-14|Temple of Aphlad",1929,Date of Photography 1929-1930,Architecture and City Planning,,Yale University Art Gallery,1930.321|dura-c139~01,Dura Europos (Salahiyeh),Syria,Image source Dura field photo|Image type glass negative|Condition of photo intact,Data from Yale University
3894593,Parthian,"Parthian altar, back(?), curtain 12-14|Temple of Aphlad",1929,Date of Photography 1929-1930,Architecture and City Planning,,Yale University Art Gallery,1930.321|dura-c138~01,Dura Europos (Salahiyeh),Syria,Image source Dura field photo|Image type glass negative|Condition of photo intact,Data from Yale University
3894592,Group,Group of workers            ,1929,Date of Photography 1929-1930,Architecture and City Planning,,Yale University Art Gallery,dura-c137~01,Dura Europos (Salahiyeh),Syria,Image source Dura field photo|Image type replacement negative|Condition of photo intact,Data from Yale University
3894591,Painted,"Painted inscription (d156), SW Bastion|SW Bastion",1929,Date of Photography 1929-1930,Architecture and City Planning,,Yale University Art Gallery,dura-c135~01,Dura Europos (Salahiyeh),Syria,Image source Dura field photo|Image type glass negative|Condition of photo intact,Data from Yale University
3894590,Painted,"Painted inscription (d155), SW Bastion|SW Bastion",1929,Date of Photography 1929-1930,Architecture and City Planning,,Yale University Art Gallery,dura-c134~01,Dura Europos (Salahiyeh),Syria,Image source Dura field photo|Image type glass negative|Condition of photo intact,Data from Yale University
3894589,Courtine,Courtine on ravine before it fell in; SW Bastion; curtain 14-13|SW Bastion,1929,Date of Photography 1929-1930,Architecture and City Planning,,Yale University Art Gallery,dura-c133~01,Dura Europos (Salahiyeh),Syria,Image source Dura field photo|Image type glass negative|Condition of photo intact,Data from Yale University
3894588,Courtine,"Courtine on ravine before it fell in, SW Bastion; curtain 14-13|SW Bastion",1929,Date of Photography 1929-1930,Architecture and City Planning,,Yale University Art Gallery,dura-c132~01,Dura Europos (Salahiyeh),Syria,Image source Dura field photo|Image type glass negative|Condition of photo intact,Data from Yale University
3894587,Courtine,"Courtine on ravine before it fell, SW Bastion|SW Bastion            ",1929,Date of Photography 1929-1930,Architecture and City Planning,,Yale University Art Gallery,dura-c131~01,Dura Europos (Salahiyeh),Syria,Image source Dura field photo|Image type glass negative|Condition of photo intact,Data from Yale University
3894586,Pottery,Pottery stamp from SW Bastion|SW Bastion            ,1929,Date of Photography 1929-1930,Architecture and City Planning,,Yale University Art Gallery,dura-c130~01,Dura Europos (Salahiyeh),Syria,Image source Dura field photo|Image type glass negative|Condition of photo intact,Data from Yale University
3894585,SW,"SW Bastion excavations, view from SW|SW Bastion            ",1929,Date of Photography 1929-1930,Architecture and City Planning,,Yale University Art Gallery,dura-c128~01,Dura Europos (Salahiyeh),Syria,Image source Dura field photo|Image type glass negative|Condition of photo intact,Data from Yale University
3894584,SW,"SW Bastion excavations, view from SE|SW Bastion            ",1929,Date of Photography 1929-1930,Architecture and City Planning,,Yale University Art Gallery,dura-c127~01,Dura Europos (Salahiyeh),Syria,Image source Dura field photo|Image type glass negative|Condition of photo intact,Data from Yale University
3894583,Graffito,Graffito 219|Private house,1929,Date of Photography 1929-1930,Architecture and City Planning,,Yale University Art Gallery,dura-c126~01,Dura Europos (Salahiyeh),Syria,Image source Dura field photo|Image type glass negative|Condition of photo intact,Data from Yale University
3894582,Graffito,Graffito 240|Private house,1929,Date of Photography 1929-1930,Architecture and City Planning,,Yale University Art Gallery,dura-c124~01,Dura Europos (Salahiyeh),Syria,Image source Dura field photo|Image type glass negative|Condition of photo intact,Data from Yale University
3894581,Graffito,Graffito 264|Private house,1929,Date of Photography 1929-1930,Architecture and City Planning,,Yale University Art Gallery,dura-c123~01,Dura Europos (Salahiyeh),Syria,Image source Dura field photo|Image type glass negative|Condition of photo intact,Data from Yale University
3894580,Graffito,Graffito 245|Private house,1929,Date of Photography 1929-1930,Architecture and City Planning,,Yale University Art Gallery,dura-c122~01,Dura Europos (Salahiyeh),Syria,Image source Dura field photo|Image type glass negative|Condition of photo intact,Data from Yale University
3894579,Graffiti,"Graffiti 235, 236 Horoscope|Private house",1929,Date of Photography 1929-1930,Architecture and City Planning,,Yale University Art Gallery,dura-c121~01,Dura Europos (Salahiyeh),Syria,Image source Dura field photo|Image type glass negative|Condition of photo intact,Data from Yale University
3894578,Graffiti,"Graffiti 260-264, 266|Private house",1929,Date of Photography 1929-1930,Architecture and City Planning,,Yale University Art Gallery,dura-c120~01,Dura Europos (Salahiyeh),Syria,Image source Dura field photo|Image type glass negative|Condition of photo intact,Data from Yale University
3894577,Temple,"Temple of Artemis, part of Boule H in background|Temple of Artemis            ",1929,Date of Photography 1929-1930,Architecture and City Planning,,Yale University Art Gallery,dura-c12~01,Dura Europos (Salahiyeh),Syria,Image source Dura field photo|Image type glass negative|Condition of photo intact,Data from Yale University
3894576,Graffiti,Graffiti 246-253|Private house,1929,Date of Photography 1929-1930,Architecture and City Planning,,Yale University Art Gallery,dura-c119~01,Dura Europos (Salahiyeh),Syria,Image source Dura field photo|Image type glass negative|Condition of photo intact,Data from Yale University
3894575,Graffito,Graffito 233|Private house,1929,Date of Photography 1929-1930,Architecture and City Planning,,Yale University Art Gallery,dura-c118~01,Dura Europos (Salahiyeh),Syria,Image source Dura field photo|Image type glass negative|Condition of photo intact,Data from Yale University
3894574,Graffito,Graffito 270|Private house,1929,Date of Photography 1929-1930,Architecture and City Planning,,Yale University Art Gallery,dura-c117~01,Dura Europos (Salahiyeh),Syria,Image source Dura field photo|Image type glass negative|Condition of photo intact,Data from Yale University
3894573,Graffito,Graffito 227|Private house,1929,Date of Photography 1929-1930,Architecture and City Planning,,Yale University Art Gallery,dura-c116~01,Dura Europos (Salahiyeh),Syria,Image source Dura field photo|Image type glass negative|Condition of photo intact,Data from Yale University
3894572,Graffito,Graffito 236|Private house,1929,Date of Photography 1929-1930,Architecture and City Planning,,Yale University Art Gallery,dura-c115~01,Dura Europos (Salahiyeh),Syria,Image source Dura field photo|Image type glass negative|Condition of photo intact,Data from Yale University
3894571,Graffito,Graffito 220|Private house,1929,Date of Photography 1929-1930,Architecture and City Planning,,Yale University Art Gallery,dura-c114~01,Dura Europos (Salahiyeh),Syria,Image source Dura field photo|Image type glass negative|Condition of photo intact,Data from Yale University
3894570,Graffito,Graffito 184|Private house,1929,Date of Photography 1929-1930,Architecture and City Planning,,Yale University Art Gallery,dura-c113~01,Dura Europos (Salahiyeh),Syria,Image source Dura field photo|Image type glass negative|Condition of photo intact,Data from Yale University
3894569,General,General view of Temple of Atargatis|Temple of Atargatis            ,1929,Date of Photography 1929-1930,Architecture and City Planning,,Yale University Art Gallery,dura-c112~01,Dura Europos (Salahiyeh),Syria,Image source Dura field photo|Image type glass negative|Condition of photo intact,Data from Yale University
3894568,Graffito,Graffito of goddess enshrined|House of Priests            ,1929,Date of Photography 1929-1930,Architecture and City Planning,,Yale University Art Gallery,dura-c111~01,Dura Europos (Salahiyeh),Syria,Image source Dura field photo|Image type glass negative|Condition of photo intact,Data from Yale University
3894567,Temple,"Temple of Atargatis, facade of pronaos 14 with shrine of Gemellos at left|Temple of Atargatis",1929,Date of Photography 1929-1930,Architecture and City Planning,,Yale University Art Gallery,dura-c11~01,Dura Europos (Salahiyeh),Syria,Image source Dura field photo|Image type glass negative|Condition of photo intact,Data from Yale University
3894566,Wall,"Wall painting - sacrifice scene from House of Priests (""Maison des Temples"")|House of Priests            ",1929,Date of Photography 1929-1930,Architecture and City Planning|Paintings,,Yale University Art Gallery,dura-c109~01,Dura Europos (Salahiyeh),Syria,Image source Dura field photo|Image type glass negative|Condition of photo intact,Data from Yale University
3894565,Hollow,Hollow bricks for wall heating from bath|Bath            ,1929,Date of Photography 1929-1930,Architecture and City Planning,,Yale University Art Gallery,dura-c108~01,Dura Europos (Salahiyeh),Syria,Image source Dura field photo|Image type glass negative|Condition of photo intact,Data from Yale University
3894564,Hollow,Hollow bricks for walls from Bath|Bath near Main Gate (Palmyrene Gate)            ,1929,Date of Photography 1929-1930,Architecture and City Planning,,Yale University Art Gallery,dura-c107~01,Dura Europos (Salahiyeh),Syria,Image source Dura field photo|Image type glass negative|Condition of photo intact,Data from Yale University
3894563,Terra,"Terra cotta lamp (#373), eastern type|House of Priests",1929,Date of Photography 1929-1930,"Architecture and City Planning|Decorative Arts, Utilitarian Objects and Interior Design",,Yale University Art Gallery,1930.96|dura-c105~01,Dura Europos (Salahiyeh),Syria,Image source Dura field photo|Image type glass negative|Condition of photo intact,Data from Yale University
3894562,Terra,"Terra cotta lamp (#362), eastern type|House of Priests",1929,Date of Photography 1929-1930,"Architecture and City Planning|Decorative Arts, Utilitarian Objects and Interior Design",,Yale University Art Gallery,1930.95|dura-c104~01,Dura Europos (Salahiyeh),Syria,Image source Dura field photo|Image type glass negative|Condition of photo intact,Data from Yale University
3894561,Terra,"Terra cotta lamp (#288), Roman type|House of Priests",1929,Date of Photography 1929-1930,"Architecture and City Planning|Decorative Arts, Utilitarian Objects and Interior Design",,Yale University Art Gallery,1930.85|dura-c103~01,Dura Europos (Salahiyeh),Syria,Image source Dura field photo|Image type glass negative|Condition of photo intact,Data from Yale University
3894560,Terra,"Terra cotta lamp, eastern type|House of Priests            ",1929,Date of Photography 1929-1930,"Architecture and City Planning|Decorative Arts, Utilitarian Objects and Interior Design",,Yale University Art Gallery,1930.96|dura-c102~01,Dura Europos (Salahiyeh),Syria,Image source Dura field photo|Image type glass negative|Condition of photo intact,Data from Yale University
3894559,Terra,"Terra cotta lamp (#373), eastern type|House of Priests",1929,Date of Photography 1929-1930,"Architecture and City Planning|Decorative Arts, Utilitarian Objects and Interior Design",,Yale University Art Gallery,1930.96|dura-c101~01,Dura Europos (Salahiyeh),Syria,Image source Dura field photo|Image type glass negative|Condition of photo intact,Data from Yale University
3894558,Lamp/terra,"2 terra cotta lamps (#s 124 and 174), Roman type|House of Priests",1929,Date of Photography 1929-1930,"Architecture and City Planning|Decorative Arts, Utilitarian Objects and Interior Design",,Yale University Art Gallery,1930.77; 1930.72 (probably)|dura-c100~01,Dura Europos (Salahiyeh),Syria,Image source Dura field photo|Image type glass negative|Condition of photo intact,Data from Yale University
3894557,Temple,"Temple of Artemis, Court A looking across chapel of Aphrodite|Temple of Artemis            ",1929,Date of Photography 1929-1930,"Architecture and City Planning|Decorative Arts, Utilitarian Objects and Interior Design",,Yale University Art Gallery,dura-c10~01,Dura Europos (Salahiyeh),Syria,Image source Dura field photo|Image type glass negative|Condition of photo intact,Data from Yale University
3894556,Temple,"Temple of Artemis, removal of debris|Temple of Artemis            ",1929,Date of Photography 1929-1930,"Architecture and City Planning|Decorative Arts, Utilitarian Objects and Interior Design",,Yale University Art Gallery,dura-c1~01,Dura Europos (Salahiyeh),Syria,Image source Dura field photo|Image type glass negative|Condition of photo intact,Data from Yale University
3894555,Inscription,"Inscription on Main Gate (Palmyrene Gate) above altar, N wall, inside gate|Main Gate (Palmyrene Gate)            ",1930,Date of Photography 1930-1931,Architecture and City Planning,,Yale University Art Gallery,dura-d99~01,Dura Europos (Salahiyeh),Syria,Image source Dura field photo|Image type glass negative|Condition of photo intact,Data from Yale University
3894554,Altar,"Altar inside Main Gate (Palmyrene Gate), N side|Main Gate (Palmyrene Gate)            ",1930,Date of Photography 1930-1931,Architecture and City Planning,,Yale University Art Gallery,dura-d98~01,Dura Europos (Salahiyeh),Syria,Image source Dura field photo|Image type glass negative|Condition of photo intact,Data from Yale University
3894553,Main,"Main Gate (Palmyrene Gate)e inside, SW tower after partial clearing of Wall Street|Main Gate (Palmyrene Gate)            ",1930,Date of Photography 1930-1931,Architecture and City Planning,,Yale University Art Gallery,dura-d96~01,Dura Europos (Salahiyeh),Syria,Image source Dura field photo|Image type glass negative|Condition of photo intact,Data from Yale University
3894552,Main,Main Gate (Palmyrene Gate) and street with Roman bath at left|Main Gate (Palmyrene Gate)            ,1930,Date of Photography 1930-1931,Architecture and City Planning,,Yale University Art Gallery,dura-d91~01,Dura Europos (Salahiyeh),Syria,Image source Dura field photo|Image type glass negative|Condition of photo intact,Data from Yale University
3894551,Main,Main Gate (Palmyrene Gate) from desert side|Main Gate (Palmyrene Gate)            ,1930,Date of Photography 1930-1931,Architecture and City Planning,,Yale University Art Gallery,dura-d90~01,Dura Europos (Salahiyeh),Syria,Image source Dura field photo|Image type film negative|Condition of photo intact,Data from Yale University
3894550,Triumphal,"Triumphal Arch after excavating, detail of west section|Triumphal Arch (Arch of Trajan)            ",1930,Date of Photography 1930-1931,Architecture and City Planning,,Yale University Art Gallery,dura-d9~01,Dura Europos (Salahiyeh),Syria,Image source Dura field photo|Image type glass negative|Condition of photo intact,Data from Yale University
3894549,Main,Main Gate (Palmyrene Gate) from west with remains of mudbrick wall which narrowed passage|Main Gate (Palmyrene Gate)            ,1930,Date of Photography 1930-1931,Architecture and City Planning,,Yale University Art Gallery,dura-d89~01,Dura Europos (Salahiyeh),Syria,Image source Dura field photo|Image type glass negative|Condition of photo intact,Data from Yale University
3894548,Entrance,Entrance to liwan looking south|Liwan            ,1930,Date of Photography 1930-1931,Architecture and City Planning,,Yale University Art Gallery,dura-d88~01,Dura Europos (Salahiyeh),Syria,Image source Dura field photo|Image type glass negative|Condition of photo intact,Data from Yale University
3894547,Redoubt,"Redoubt, court looking N|Redoubt            ",1930,Date of Photography 1930-1931,Architecture and City Planning,,Yale University Art Gallery,dura-d86~01,Dura Europos (Salahiyeh),Syria,Image source Dura field photo|Image type glass negative|Condition of photo intact,Data from Yale University
3894546,Redoubt,"Redoubt, NE corner|Redoubt            ",1930,Date of Photography 1930-1931,Architecture and City Planning,,Yale University Art Gallery,dura-d84~01,Dura Europos (Salahiyeh),Syria,Image source Dura field photo|Image type glass negative|Condition of photo intact,Data from Yale University
3894545,Central,Central breach in N face of redoubt looking E|Redoubt            ,1930,Date of Photography 1930-1931,Architecture and City Planning,,Yale University Art Gallery,dura-d82~01,Dura Europos (Salahiyeh),Syria,Image source Dura field photo|Image type glass negative|Condition of photo intact,Data from Yale University
3894544,Redoubt,"Redoubt, NE section|Redoubt            ",1930,Date of Photography 1930-1931,Architecture and City Planning,,Yale University Art Gallery,dura-d80~01,Dura Europos (Salahiyeh),Syria,Image source Dura field photo|Image type glass negative|Condition of photo intact,Data from Yale University
3894543,Triumphal,Triumphal Arch after excavating|Triumphal Arch (Arch of Trajan)            ,1930,Date of Photography 1930-1931,Architecture and City Planning,,Yale University Art Gallery,dura-d8~01,Dura Europos (Salahiyeh),Syria,Image source Dura field photo|Image type glass negative|Condition of photo intact,Data from Yale University
3894542,Redoubt,"Redoubt, view looking NW|Redoubt            ",1930,Date of Photography 1930-1931,Architecture and City Planning,,Yale University Art Gallery,dura-d78~01,Dura Europos (Salahiyeh),Syria,Image source Dura field photo|Image type glass negative|Condition of photo intact,Data from Yale University
3894541,View,View south west of Citadel exterior|Citadel            ,1930,Date of Photography 1930-1931,Architecture and City Planning,,Yale University Art Gallery,dura-d74~01,Dura Europos (Salahiyeh),Syria,Image source Dura field photo|Image type glass negative|Condition of photo intact,Data from Yale University
3894540,View,"View of expedition house, Citadel, S end|Citadel            ",1930,Date of Photography 1930-1931,Architecture and City Planning,,Yale University Art Gallery,dura-d72~01,Dura Europos (Salahiyeh),Syria,Image source Dura field photo|Image type film negative|Condition of photo intact,Data from Yale University
3894539,Tower 23,"NW ramparts, Tower 23 before excavating|Tower 23",1930,Date of Photography 1930-1931,Architecture and City Planning,,Yale University Art Gallery,dura-d70~01,Dura Europos (Salahiyeh),Syria,Image source Dura field photo|Image type glass negative|Condition of photo intact,Data from Yale University
3894538,Triumphal,"Triumphal Arch after excavating, detail|Triumphal Arch (Arch of Trajan)            ",1930,Date of Photography 1930-1931,Architecture and City Planning,,Yale University Art Gallery,dura-d7~01,Dura Europos (Salahiyeh),Syria,Image source Dura field photo|Image type glass negative|Condition of photo intact,Data from Yale University
3894537,Western,"Western ramparts, Tower 16 during excavation|Tower 16",1930,Date of Photography 1930-1931,Architecture and City Planning,,Yale University Art Gallery,dura-d66~01,Dura Europos (Salahiyeh),Syria,Image source Dura field photo|Image type glass negative|Condition of photo intact,Data from Yale University
3894536,Western,"Western ramparts, Tower 15|Tower 15",1930,Date of Photography 1930-1931,Architecture and City Planning,,Yale University Art Gallery,dura-d64~01,Dura Europos (Salahiyeh),Syria,Image source Dura field photo|Image type glass negative|Condition of photo intact,Data from Yale University
3894535,Western,"Western ramparts, Tower 15, door on E face of wall beside S wall. Tower 15 leads to Chemin de Ronde from external staircase|Tower 15",1930,Date of Photography 1930-1931,Architecture and City Planning,,Yale University Art Gallery,dura-d62~01,Dura Europos (Salahiyeh),Syria,Image source Dura field photo|Image type glass negative|Condition of photo intact,Data from Yale University
3894534,Western,"Western ramparts, inside of Tower 15, south side, door opening on Chemin de Ronde|Tower 15",1930,Date of Photography 1930-1931,Architecture and City Planning,,Yale University Art Gallery,dura-d60~01,Dura Europos (Salahiyeh),Syria,Image source Dura field photo|Image type glass negative|Condition of photo intact,Data from Yale University
3894533,Western,"Western ramparts, Tower 15|Tower 15",1930,Date of Photography 1930-1931,Architecture and City Planning,,Yale University Art Gallery,dura-d58~01,Dura Europos (Salahiyeh),Syria,Image source Dura field photo|Image type glass negative|Condition of photo intact,Data from Yale University
3894532,Western,"Western ramparts, Tower 15|Tower 15",1930,Date of Photography 1930-1931,Architecture and City Planning,,Yale University Art Gallery,dura-d57~01,Dura Europos (Salahiyeh),Syria,Image source Dura field photo|Image type glass negative|Condition of photo intact,Data from Yale University
3894531,Western,"Western rampart, Tower 15|Tower 15",1930,Date of Photography 1930-1931,Architecture and City Planning,,Yale University Art Gallery,dura-d56~01,Dura Europos (Salahiyeh),Syria,Image source Dura field photo|Image type glass negative|Condition of photo intact,Data from Yale University
3894530,Western,"Western ramparts, Tower 15, desert side|Tower 15",1930,Date of Photography 1930-1931,Architecture and City Planning,,Yale University Art Gallery,dura-d54~01,Dura Europos (Salahiyeh),Syria,Image source Dura field photo|Image type glass negative|Condition of photo intact,Data from Yale University
3894529,Christian,Christian building looking north from area of room 4|Christian building,1930,Date of Photography 1930-1931,Architecture and City Planning,,Yale University Art Gallery,dura-d52~01,Dura Europos (Salahiyeh),Syria,Image source Dura field photo|Image type glass negative|Condition of photo intact,Data from Yale University
3894528,Christian,Christian building looking north toward stairway and east door to baptistry|Christian building            ,1930,Date of Photography 1930-1931,Architecture and City Planning,,Yale University Art Gallery,dura-d50~01,Dura Europos (Salahiyeh),Syria,Image source Dura field photo|Image type glass negative|Condition of photo intact|Photographer Walter,Data from Yale University
3894527,Triumphal,Triumphal Arch during excavation|Triumphal Arch (Arch of Trajan)            ,1930,Date of Photography 1930-1931,Architecture and City Planning,,Yale University Art Gallery,dura-d5~01,Dura Europos (Salahiyeh),Syria,Image source Dura field photo|Image type glass negative|Condition of photo intact,Data from Yale University
3894526,Christian,"Christian building, doorway 1/5 with reinforcement wall of embankment|Christian building",1930,Date of Photography 1930-1931,Architecture and City Planning,,Yale University Art Gallery,dura-d49~01,Dura Europos (Salahiyeh),Syria,Image source Dura field photo|Image type glass negative|Condition of photo intact,Data from Yale University
3894525,Western,Western ramparts near Tower 17 before excavation|Tower 17,1930,Date of Photography 1930-1931,Architecture and City Planning,,Yale University Art Gallery,dura-d47~01,Dura Europos (Salahiyeh),Syria,Image source Dura field photo|Image type glass negative|Condition of photo intact,Data from Yale University
3894524,Western,Western ramparts near Tower 17 before excavation|Tower 17,1929,Date of Photography 1929-1930,Architecture and City Planning,,Yale University Art Gallery,dura-d46~01,Dura Europos (Salahiyeh),Syria,Image source Dura field photo|Image type glass negative|Condition of photo intact,Data from Yale University
3894523,Western,Western ramparts showing embankment|Western ramparts            ,1930,Date of Photography 1930-1931,Architecture and City Planning,,Yale University Art Gallery,dura-d44~01,Dura Europos (Salahiyeh),Syria,Image source Dura field photo|Image type glass negative|Condition of photo intact,Data from Yale University
3894522,Western,Western ramparts showing embankment|Western ramparts            ,1930,Date of Photography 1930-1931,Architecture and City Planning,,Yale University Art Gallery,dura-d43~01,Dura Europos (Salahiyeh),Syria,Image source Dura field photo|Image type glass negative|Condition of photo intact,Data from Yale University
3894521,Western,"Western ramparts, showing embankment|Western ramparts            ",1930,Date of Photography 1930-1931,Architecture and City Planning,,Yale University Art Gallery,dura-d42~01,Dura Europos (Salahiyeh),Syria,Image source Dura field photo|Image type glass negative|Condition of photo intact,Data from Yale University
3894520,Triumphal,Triumphal Arch during excavation|Triumphal Arch (Arch of Trajan)            ,1930,Date of Photography 1930-1931,Architecture and City Planning,,Yale University Art Gallery,dura-d4~01,Dura Europos (Salahiyeh),Syria,Image source Dura field photo|Image type glass negative|Condition of photo broken,Data from Yale University
3894519,Altar,"Altar 17 in front of room 5 (with later stage wall from Tower 13 to room 5 behind it, Temple of Aphlad|Temple of Aphlad",1930,Date of Photography 1930-1931,Architecture and City Planning,,Yale University Art Gallery,dura-d39~01,Dura Europos (Salahiyeh),Syria,Image source Dura field photo|Image type glass negative|Condition of photo intact,Data from Yale University
3894518,Triumphal,"Triumphal arch, fragments of inscription #167|Triumphal arch",1930,Date of Photography 1930-1931,Architecture and City Planning,,Yale University Art Gallery,dura-d387~01,Dura Europos (Salahiyeh),Syria,Image source Dura field photo|Image type glass negative|Condition of photo intact,Data from Yale University
3894517,Triumphal,"Triumphal Arch, fragments of inscription #167|Triumphal Arch",1930,Date of Photography 1930-1931,Architecture and City Planning,,Yale University Art Gallery,dura-d386~01,Dura Europos (Salahiyeh),Syria,Image source Dura field photo|Image type glass negative|Condition of photo intact,Data from Yale University
3894516,SW,"SW angle, site in SW corner of city|SW corner of city            ",1930,Date of Photography 1930-1931,Architecture and City Planning,,Yale University Art Gallery,dura-d384~01,Dura Europos (Salahiyeh),Syria,Image source Dura field photo|Image type glass negative|Condition of photo intact,Data from Yale University
3894515,Road,Road trench looking from S ramparts; probably includes Street f|S rampart            ,1930,Date of Photography 1930-1931,Architecture and City Planning,,Yale University Art Gallery,dura-d382~01,Dura Europos (Salahiyeh),Syria,Image source Dura field photo|Image type glass negative|Condition of photo intact,Data from Yale University
3894514,General,General view of Temple of Bel looking west|Temple of Bel/Palmyrene Gods            ,1930,Date of Photography 1930-1931,Architecture and City Planning,,Yale University Art Gallery,dura-d380~01,Dura Europos (Salahiyeh),Syria,Image source Dura field photo|Image type glass negative|Condition of photo intact,Data from Yale University
3894513,Temple,"Temple of Aphlad, SW angle, before excavating|SW angle [Temple of Aphlad]            ",1930,Date of Photography 1930-1931,Architecture and City Planning,,Yale University Art Gallery,dura-d38~01,Dura Europos (Salahiyeh),Syria,Image source Dura field photo|Image type glass negative|Condition of photo intact,Data from Yale University
3894512,Mosaic,Mosaic with inscription (#180)|Bath near Main Gate (Palmyrene Gate),1930,Date of Photography 1930-1931,"Architecture and City Planning|Decorative Arts, Utilitarian Objects and Interior Design",,Yale University Art Gallery,dura-d374~01,Dura Europos (Salahiyeh),Syria,Image source Dura field photo|Image type glass negative|Condition of photo intact,Data from Yale University
3894511,Bronze,Bronze incense holder/vase in shape of bust|House of Frescoes            ,1930,Date of Photography 1930-1931,"Architecture and City Planning|Decorative Arts, Utilitarian Objects and Interior Design",,Yale University Art Gallery,dura-d370~01,Dura Europos (Salahiyeh),Syria,Image source Dura field photo|Image type glass negative|Condition of photo intact,Data from Yale University
3894510,n/a|Private,n/a|Private house            ,1930,Date of Photography 1930-1931,Architecture and City Planning,,Yale University Art Gallery,dura-d366~01,Dura Europos (Salahiyeh),Syria,Image source Dura field photo|Image type glass negative|Condition of photo intact,Data from Yale University
3894509,Jewelry,"Jewelry from S rampart (SW bastion), curtain 10-13|S rampart (SW bastion)",1930,Date of Photography 1930-1931,"Architecture and City Planning|Fashion, Costume and Jewelry",,Yale University Art Gallery,dura-d364~01,Dura Europos (Salahiyeh),Syria,Image source Dura field photo|Image type glass negative|Condition of photo intact,Data from Yale University
3894508,Jewelry,"Jewelry from S rampart (SW Bastion), curtain 10-13|S rampart (SW bastion)",1930,Date of Photography 1930-1931,"Architecture and City Planning|Fashion, Costume and Jewelry",,Yale University Art Gallery,dura-d362~01,Dura Europos (Salahiyeh),Syria,Image source Dura field photo|Image type glass negative|Condition of photo intact,Data from Yale University
3894507,Jewelry,2 earrings|1) House of the Court; 2) House of the Frescoes,1930,Date of Photography 1930-1931,"Architecture and City Planning|Fashion, Costume and Jewelry",,Yale University Art Gallery,dura-d360~01,Dura Europos (Salahiyeh),Syria,Image source Dura field photo|Image type glass negative|Condition of photo intact,Data from Yale University
3894506,SW,"SW angle, rampart and Temple of Aphlad|SW angle            ",1930,Date of Photography 1930-1931,Architecture and City Planning,,Yale University Art Gallery,dura-d36~01,Dura Europos (Salahiyeh),Syria,Image source Dura field photo|Image type replacement negative|Condition of photo intact,Data from Yale University
3894505,Lantern,Lantern from House of Priests|House of Priests            ,1930,Date of Photography 1930-1931,"Architecture and City Planning|Decorative Arts, Utilitarian Objects and Interior Design",,Yale University Art Gallery,dura-d346~01,Dura Europos (Salahiyeh),Syria,Image source Dura field photo|Image type glass negative|Condition of photo intact,Data from Yale University
3894504,Mould,Mould for vase|Temple of Atargatis            ,1930,Date of Photography 1930-1931,"Architecture and City Planning|Decorative Arts, Utilitarian Objects and Interior Design",,Yale University Art Gallery,dura-d344~01,Dura Europos (Salahiyeh),Syria,Image source Dura field photo|Image type glass negative|Condition of photo intact,Data from Yale University
3894503,Mould,Mould for vase|Temple of Atargatis            ,1930,Date of Photography 1930-1931,"Architecture and City Planning|Decorative Arts, Utilitarian Objects and Interior Design",,Yale University Art Gallery,dura-d343~01,Dura Europos (Salahiyeh),Syria,Image source Dura field photo|Image type glass negative|Condition of photo intact,Data from Yale University
3894502,Mould,Mould for vase|Temple of Artemis            ,1930,Date of Photography 1930-1931,"Architecture and City Planning|Decorative Arts, Utilitarian Objects and Interior Design",,Yale University Art Gallery,dura-d341~01,Dura Europos (Salahiyeh),Syria,Image source Dura field photo|Image type glass negative|Condition of photo intact,Data from Yale University
3894501,Mould,Mould for vase|Temple of Artemis            ,1930,Date of Photography 1930-1931,"Architecture and City Planning|Decorative Arts, Utilitarian Objects and Interior Design",,Yale University Art Gallery,dura-d340~01,Dura Europos (Salahiyeh),Syria,Image source Dura field photo|Image type glass negative|Condition of photo intact,Data from Yale University
3894500,Mould,Mould for vase|Temple of Atargatis            ,1930,Date of Photography 1930-1931,"Architecture and City Planning|Decorative Arts, Utilitarian Objects and Interior Design",,Yale University Art Gallery,dura-d339~01,Dura Europos (Salahiyeh),Syria,Image source Dura field photo|Image type glass negative|Condition of photo intact,Data from Yale University
3894499,Mould,Mould for vase|Temple of Atargatis            ,1930,Date of Photography 1930-1931,"Architecture and City Planning|Decorative Arts, Utilitarian Objects and Interior Design",,Yale University Art Gallery,dura-d338~01,Dura Europos (Salahiyeh),Syria,Image source Dura field photo|Image type glass negative|Condition of photo intact,Data from Yale University
3894498,Glass,"1) Glass Shard w/ inscription (""Theti""), from House of Frescoes; 2) another piece of glass, part of same|House of Frescoes",1930,Date of Photography 1930-1931,"Architecture and City Planning|Fashion, Costume and Jewelry",,Yale University Art Gallery,dura-d336~01,Dura Europos (Salahiyeh),Syria,Image source Dura field photo|Image type glass negative|Condition of photo intact,Data from Yale University
3894497,Lamp,2 lamps|Private house,1930,Date of Photography 1930-1931,"Architecture and City Planning|Fashion, Costume and Jewelry",,Yale University Art Gallery,dura-d334~01,Dura Europos (Salahiyeh),Syria,Image source Dura field photo|Image type glass negative|Condition of photo intact,Data from Yale University
3894496,Lamp,"3 lamps 1) rope design; 2) erotic scene; 3) [""dots""]|Private house",1930,Date of Photography 1930-1931,"Architecture and City Planning|Decorative Arts, Utilitarian Objects and Interior Design",,Yale University Art Gallery,dura-d332~01,Dura Europos (Salahiyeh),Syria,Image source Dura field photo|Image type glass negative|Condition of photo intact,Data from Yale University
3894495,Lamp,Lamp/terra cotta figurine|Redoubt; Tower 9,1930,Date of Photography 1930-1931,Architecture and City Planning|Sculpture and Installations,,Yale University Art Gallery,dura-d330~01,Dura Europos (Salahiyeh),Syria,Image source Dura field photo|Image type glass negative|Condition of photo intact,Data from Yale University
3894494,Bust,Bust in Relief|Temple of Atargatis            ,1930,Date of Photography 1930-1931,Architecture and City Planning|Sculpture and Installations,,Yale University Art Gallery,dura-d327~01,Dura Europos (Salahiyeh),Syria,Image source Dura field photo|Image type glass negative|Condition of photo intact,Data from Yale University
3894493,Bust,Bust in relief|Temple of Atargatis?            ,1930,Date of Photography 1930-1931,Architecture and City Planning|Sculpture and Installations,,Yale University Art Gallery,dura-d326~01,Dura Europos (Salahiyeh),Syria,Image source Dura field photo|Image type glass negative|Condition of photo intact,Data from Yale University
3894492,Bust,"Bust in relief, keystone of an arch?|Temple of Atargatis            ",1930,Date of Photography 1930-1931,Architecture and City Planning|Sculpture and Installations,,Yale University Art Gallery,dura-d325~01,Dura Europos (Salahiyeh),Syria,Image source Dura field photo|Image type glass negative|Condition of photo intact,Data from Yale University
3894491,Bust,Bust in relief|Temple of Atargatis            ,1930,Date of Photography 1930-1931,Architecture and City Planning|Sculpture and Installations,,Yale University Art Gallery,dura-d324~01,Dura Europos (Salahiyeh),Syria,Image source Dura field photo|Image type glass negative|Condition of photo intact,Data from Yale University
3894490,Bust,"Bust in relief, keystones of arches (?)|Temple of Atargatis            ",1930,Date of Photography 1930-1931,Architecture and City Planning|Sculpture and Installations,,Yale University Art Gallery,dura-d323~01,Dura Europos (Salahiyeh),Syria,Image source Dura field photo|Image type glass negative|Condition of photo intact,Data from Yale University
3894489,Bust,3 busts|Temple of Atargatis (?),1930,Date of Photography 1930-1931,Architecture and City Planning|Sculpture and Installations,,Yale University Art Gallery,dura-d321~01,Dura Europos (Salahiyeh),Syria,Image source Dura field photo|Image type glass negative|Condition of photo intact,Data from Yale University
3894488,South,"South ramparts, inside showing stairs|Tower 9",1930,Date of Photography 1930-1931,Architecture and City Planning,,Yale University Art Gallery,dura-d32~01,Dura Europos (Salahiyeh),Syria,Image source Dura field photo|Image type glass negative|Condition of photo intact,Data from Yale University
3894487,Relief,Relief of Heracles|House next to House of Frescoes            ,1930,Date of Photography 1930-1931,Architecture and City Planning|Sculpture and Installations,,Yale University Art Gallery,dura-d319~01,Dura Europos (Salahiyeh),Syria,Image source Dura field photo|Image type glass negative|Condition of photo intact,Data from Yale University
3894486,Relief,Relief of Heracles|Private house            ,1930,Date of Photography 1930-1931,Architecture and City Planning|Sculpture and Installations,,Yale University Art Gallery,dura-d317~01,Dura Europos (Salahiyeh),Syria,Image source Dura field photo|Image type glass negative|Condition of photo intact,Data from Yale University
3894485,Relief,Relief of Venus with mirror (upper section)|House of Priests            ,1930,Date of Photography 1930-1931,Architecture and City Planning|Sculpture and Installations,,Yale University Art Gallery,dura-d315~01,Dura Europos (Salahiyeh),Syria,Image source Dura field photo|Image type glass negative|Condition of photo broken,Data from Yale University
3894484,Relief,Relief of Venus with mirror (2 sections)|House of Priests,1930,Date of Photography 1930-1931,Architecture and City Planning|Sculpture and Installations,,Yale University Art Gallery,dura-d314~01,Dura Europos (Salahiyeh),Syria,Image source Dura field photo|Image type glass negative|Condition of photo intact,Data from Yale University
3894483,Relief,Relief of goddess in shrine|Christian building; private house            ,1930,Date of Photography 1930-1931,Architecture and City Planning|Sculpture and Installations,,Yale University Art Gallery,dura-d312~01,Dura Europos (Salahiyeh),Syria,Image source Dura field photo|Image type glass negative|Condition of photo intact,Data from Yale University
3894482,Statuette,"Statuette of Venus and Cupids, back|Main Gate (Palmyrene Gate) (in plaster covering of altar)?            ",1930,Date of Photography 1930-1931,Architecture and City Planning|Sculpture and Installations,,Yale University Art Gallery,dura-d310~01,Dura Europos (Salahiyeh),Syria,Image source Dura field photo|Image type glass negative|Condition of photo intact,Data from Yale University
3894481,South,"South ramparts, interior showing stairs|Tower 8",1930,Date of Photography 1930-1931,Architecture and City Planning|Sculpture and Installations,,Yale University Art Gallery,dura-d31~01,Dura Europos (Salahiyeh),Syria,Image source Dura field photo|Image type glass negative|Condition of photo intact,Data from Yale University
3894480,Statuette,"Statuette of Venus and Cupids, front|Main Gate (Palmyrene Gate) (in plaster covering of altar)?            ",1930,Date of Photography 1930-1931,Architecture and City Planning|Sculpture and Installations,,Yale University Art Gallery,dura-d309~01,Dura Europos (Salahiyeh),Syria,Image source Dura field photo|Image type glass negative|Condition of photo intact,Data from Yale University
3894479,Statuette,Statuette of Venus|Private house            ,1930,Date of Photography 1930-1931,Architecture and City Planning|Sculpture and Installations,,Yale University Art Gallery,dura-d307~01,Dura Europos (Salahiyeh),Syria,Image source Dura field photo|Image type glass negative|Condition of photo intact,Data from Yale University
3894478,Statuette,Statuette of woman with boy (lower 1/2 only)|Main Gate (Palmyrene Gate),1930,Date of Photography 1930-1931,Architecture and City Planning|Sculpture and Installations,,Yale University Art Gallery,dura-d304~01,Dura Europos (Salahiyeh),Syria,Image source Dura field photo|Image type glass negative|Condition of photo broken,Data from Yale University
3894477,Statuette,Statuette of woman with boy (lower 1/2 only)|Main Gate (Palmyrene Gate),1930,Date of Photography 1930-1931,Architecture and City Planning|Sculpture and Installations,,Yale University Art Gallery,dura-d303~01,Dura Europos (Salahiyeh),Syria,Image source Dura field photo|Image type glass negative|Condition of photo intact,Data from Yale University
3894476,Statuette,"Statuette of Heracles, 1/2 left|Private house",1930,Date of Photography 1930-1931,Architecture and City Planning|Sculpture and Installations,,Yale University Art Gallery,dura-d301~01,Dura Europos (Salahiyeh),Syria,Image source Dura field photo|Image type glass negative|Condition of photo intact,Data from Yale University
3894475,Statuette,Statuette of Heracles (front)|Private house            ,1930,Date of Photography 1930-1931,Architecture and City Planning|Sculpture and Installations,,Yale University Art Gallery,dura-d300~01,Dura Europos (Salahiyeh),Syria,Image source Dura field photo|Image type glass negative|Condition of photo intact,Data from Yale University
3894474,Triumphal,Triumphal Arch during excavation|Triumphal Arch (Arch of Trajan)            ,1930,Date of Photography 1930-1931,Architecture and City Planning,,Yale University Art Gallery,dura-d3~01,Dura Europos (Salahiyeh),Syria,Image source Dura field photo|Image type glass negative|Condition of photo intact,Data from Yale University
3894473,Sassanian,Sassanian fresco|Private house            ,1930,Date of Photography 1930-1931,Architecture and City Planning|Paintings,,Yale University Art Gallery,dura-d298~01,Dura Europos (Salahiyeh),Syria,Image source Dura field photo|Image type glass negative|Condition of photo intact,Data from Yale University
3894472,Sassanian,"Sassanian fresco, detail|Private house            ",1930,Date of Photography 1930-1931,Architecture and City Planning|Paintings,,Yale University Art Gallery,dura-d298.8~01,Dura Europos (Salahiyeh),Syria,Image source Dura field photo|Image type glass negative|Condition of photo intact,Data from Yale University
3894471,Sassanian,"Sassanian fresco, detail|Private house            ",1930,Date of Photography 1930-1931,Architecture and City Planning|Paintings,,Yale University Art Gallery,dura-d298.7~01,Dura Europos (Salahiyeh),Syria,Image source Dura field photo|Image type glass negative|Condition of photo intact,Data from Yale University
3894470,Sassanian,"Sassanian fresco, detail|Private house            ",1930,Date of Photography 1930-1931,Architecture and City Planning|Paintings,,Yale University Art Gallery,dura-d298.6~01,Dura Europos (Salahiyeh),Syria,Image source Dura field photo|Image type glass negative|Condition of photo intact,Data from Yale University
3894469,Sassanian,"Sassanian fresco, detail|Private house            ",1930,Date of Photography 1930-1931,Architecture and City Planning|Paintings,,Yale University Art Gallery,dura-d298.5~01,Dura Europos (Salahiyeh),Syria,Image source Dura field photo|Image type glass negative|Condition of photo intact,Data from Yale University
3894468,Sassanian,"Sassanian fresco, detail|Private house            ",1930,Date of Photography 1930-1931,Architecture and City Planning|Paintings,,Yale University Art Gallery,dura-d298.4~01,Dura Europos (Salahiyeh),Syria,Image source Dura field photo|Image type glass negative|Condition of photo intact,Data from Yale University
3894467,Sassanian,"Sassanian fresco, detail|Private house            ",1930,Date of Photography 1930-1931,Architecture and City Planning|Paintings,,Yale University Art Gallery,dura-d298.3~01,Dura Europos (Salahiyeh),Syria,Image source Dura field photo|Image type glass negative|Condition of photo intact,Data from Yale University
3894466,Sassanian,"Sassanian fresco, detail|Private house            ",1930,Date of Photography 1930-1931,Architecture and City Planning|Paintings,,Yale University Art Gallery,dura-d298.2~01,Dura Europos (Salahiyeh),Syria,Image source Dura field photo|Image type glass negative|Condition of photo intact,Data from Yale University
3894465,Sassanian,"Sassanian fresco, detail|Private house            ",1930,Date of Photography 1930-1931,Architecture and City Planning|Paintings,,Yale University Art Gallery,dura-d298.1~01,Dura Europos (Salahiyeh),Syria,Image source Dura field photo|Image type glass negative|Condition of photo intact,Data from Yale University
3894464,Fresco,"Fresco from pronaos, west wall to right of doorway to naos, Temple of Bel|Temple of Bel/Palmyrene Gods            ",1930,Date of Photography 1930-1931,Architecture and City Planning|Paintings,,Yale University Art Gallery,dura-d297~01,Dura Europos (Salahiyeh),Syria,Image source Dura field photo|Image type glass negative|Condition of photo intact,Data from Yale University
3894463,Fresco,"Fresco from naos, west wall, Temple of Bel|Temple of Bel/Palmyrene Gods            ",1930,Date of Photography 1930-1931,Architecture and City Planning|Paintings,,Yale University Art Gallery,dura-d296~01,Dura Europos (Salahiyeh),Syria,Image source Dura field photo|Image type glass negative|Condition of photo intact,Data from Yale University
3894462,Fresco,"Fresco from pronaos, south wall, part, Temple of Bel|Temple of Bel/Palmyrene Gods            ",1930,Date of Photography 1930-1931,Architecture and City Planning|Paintings,,Yale University Art Gallery,dura-d295~01,Dura Europos (Salahiyeh),Syria,Image source Dura field photo|Image type glass negative|Condition of photo intact,Data from Yale University
3894461,Fresco,"Fresco from pronaos, south wall, part, Temple of Bel|Temple of Bel/Palmyrene Gods            ",1930,Date of Photography 1930-1931,Architecture and City Planning|Paintings,,Yale University Art Gallery,dura-d294~01,Dura Europos (Salahiyeh),Syria,Image source Dura field photo|Image type glass negative|Condition of photo intact,Data from Yale University
3894460,Fresco,"Fresco from pronaos, south wall, part, Temple of Bel|Temple of Bel/Palmyrene Godsl            ",1930,Date of Photography 1930-1931,Architecture and City Planning|Paintings,,Yale University Art Gallery,dura-d293~01,Dura Europos (Salahiyeh),Syria,Image source Dura field photo|Image type glass negative|Condition of photo intact,Data from Yale University
3894459,Fresco,"Fresco from pronoas, south wall, part, Temple of Bel|Temple of Bel/Palmyrene Gods            ",1930,Date of Photography 1930-1931,Architecture and City Planning|Paintings,,Yale University Art Gallery,dura-d292~01,Dura Europos (Salahiyeh),Syria,Image source Dura field photo|Image type glass negative|Condition of photo intact,Data from Yale University
3894458,Fresco,"Fresco from pronaos, east wall, Temple of Bel|Temple of Bel/Palmyrene Gods            ",1930,Date of Photography 1930-1931,Architecture and City Planning|Paintings,,Yale University Art Gallery,dura-d290~01,Dura Europos (Salahiyeh),Syria,Image source Dura field photo|Image type glass negative|Condition of photo intact,Data from Yale University
3894457,Fresco,"Fresco from pronaos, north wall, part to left of tribune scene, Temple of Bel|Temple of Bel/Palmyrene Gods            ",1930,Date of Photography 1930-1931,Architecture and City Planning|Paintings,,Yale University Art Gallery,dura-d289~01,Dura Europos (Salahiyeh),Syria,Image source Dura field photo|Image type glass negative|Condition of photo intact,Data from Yale University
3894456,Fresco,"Fresco from pronaos, north wall, Temple of Bel The tribune, detail|Temple of Bel/Palmyrene Gods            ",1930,Date of Photography 1930-1931,Architecture and City Planning|Paintings,,Yale University Art Gallery,dura-d288~01,Dura Europos (Salahiyeh),Syria,Image source Dura field photo|Image type glass negative|Condition of photo intact,Data from Yale University
3894455,Fresco,"Fresco from pronaos, north wall, Temple of Bel The tribune|Temple of Bel/Palmyrene Gods            ",1930,Date of Photography 1930-1931,Architecture and City Planning|Paintings,,Yale University Art Gallery,dura-d286~01,Dura Europos (Salahiyeh),Syria,Image source Dura field photo|Image type glass negative|Condition of photo intact,Data from Yale University
3894454,Fresco,"Fresco froom doorway between naos and pronaos, Temple of Bel sacrificing priest|Temple of Bel/Palmyrene Gods            ",1930,Date of Photography 1930-1931,Architecture and City Planning|Paintings,,Yale University Art Gallery,dura-d280~01,Dura Europos (Salahiyeh),Syria,Image source Dura field photo|Image type glass negative|Condition of photo intact,Data from Yale University
3894453,SW,"SW Ramparts, postern gate, interior|SW Ramparts            ",1930,Date of Photography 1930-1931,Architecture and City Planning|Paintings,,Yale University Art Gallery,dura-d28~01,Dura Europos (Salahiyeh),Syria,Image source Dura field photo|Image type glass negative|Condition of photo intact,Data from Yale University
3894452,Fresco,"Fresco from naos, S wall, Temple of Bel 2 children at lower right|Temple of Bel/Palmyrene Gods",1930,Date of Photography 1930-1931,Architecture and City Planning|Paintings,,Yale University Art Gallery,dura-d279~01,Dura Europos (Salahiyeh),Syria,Image source Dura field photo|Image type glass negative|Condition of photo intact,Data from Yale University
3894451,Fresco,"Fresco from naos, S wall, Temple of Bel Bethnannaia and 4 sons of Conon|Temple of Bel/Palmyrene Gods",1930,Date of Photography 1930-1931,Architecture and City Planning|Paintings,,Yale University Art Gallery,dura-d277~01,Dura Europos (Salahiyeh),Syria,Image source Dura field photo|Image type glass negative|Condition of photo intact,Data from Yale University
3894450,Fresco,"Fresco from noas, S wall, Temple of Bel head of Bethnannaia|Temple of Bel/Palmyrene Gods            ",1930,Date of Photography 1930-1931,Architecture and City Planning|Paintings,,Yale University Art Gallery,dura-d276~01,Dura Europos (Salahiyeh),Syria,Image source Dura field photo|Image type glass negative|Condition of photo intact,Data from Yale University
3894449,Fresco,"Fresco, Temple of Bel naos, south wall, two priests and Bethnannaia|Temple of Bel/Palmyrene Gods            ",1930,Date of Photography 1930-1931,Architecture and City Planning|Paintings,,Yale University Art Gallery,dura-d275~01,Dura Europos (Salahiyeh),Syria,Image source Dura field photo|Image type glass negative|Condition of photo intact,Data from Yale University
3894448,Fresco,"Fresco, Temple of Bel naos, south wall, head of first priest|Temple of Bel/Palmyrene Gods            ",1930,Date of Photography 1930-1931,Architecture and City Planning|Paintings,,Yale University Art Gallery,dura-d274~01,Dura Europos (Salahiyeh),Syria,Image source Dura field photo|Image type glass negative|Condition of photo intact,Data from Yale University
3894447,Fresco,"Fresco, Temple of Bel naos, south wall, head of 2nd priest|Temple of Bel/Palmyrene Gods",1930,Date of Photography 1930-1931,Architecture and City Planning|Paintings,,Yale University Art Gallery,dura-d272~01,Dura Europos (Salahiyeh),Syria,Image source Dura field photo|Image type glass negative|Condition of photo intact,Data from Yale University
3894446,Fresco,"Fresco, Temple of Bel naos b, south wall|Temple of Bel/Palmyrene Gods            ",1930,Date of Photography 1930-1931,Architecture and City Planning|Paintings,,Yale University Art Gallery,dura-d270b~01,Dura Europos (Salahiyeh),Syria,Image source Dura field photo|Image type glass negative|Condition of photo intact,Data from Yale University
3894445,Fresco,"Fresco, Temple of Bel naos b, south wall|Temple of Bel/Palmyrene Gods            ",1930,Date of Photography 1930-1931,Architecture and City Planning|Paintings,,Yale University Art Gallery,dura-d270a~01,Dura Europos (Salahiyeh),Syria,Image source Dura field photo|Image type glass negative|Condition of photo intact,Data from Yale University
3894444,SW,"[SW (probably)] Ramparts and postern gates, exterior|SW Ramparts            ",1930,Date of Photography 1930-1931,Architecture and City Planning|Paintings,,Yale University Art Gallery,dura-d27~01,Dura Europos (Salahiyeh),Syria,Image source Dura field photo|Image type glass negative|Condition of photo intact,Data from Yale University
3894443,Temple,Protecting wall in front of frescoes|Temple of Bel/Palmyrene Gods            ,1930,Date of Photography 1930-1931,Architecture and City Planning|Paintings,,Yale University Art Gallery,dura-d269~01,Dura Europos (Salahiyeh),Syria,Image source Dura field photo|Image type glass negative|Condition of photo intact,Data from Yale University
3894442,Wall,Wall in front of frescoes|Temple of Bel/Palmyrene Godsl            ,1930,Date of Photography 1930-1931,Architecture and City Planning|Paintings,,Yale University Art Gallery,dura-d268~01,Dura Europos (Salahiyeh),Syria,Image source Dura field photo|Image type glass negative|Condition of photo intact,Data from Yale University
3894441,Wall,Wall in front of frescoes|Temple of Bel/Palmyrene Gods            ,1930,Date of Photography 1930-1931,Architecture and City Planning|Paintings,,Yale University Art Gallery,dura-d267~01,Dura Europos (Salahiyeh),Syria,Image source Dura field photo|Image type glass negative|Condition of photo intact,Data from Yale University
3894440,Wall,Wall in front of frescoes|Temple of Bel/Palmyrene Gods            ,1930,Date of Photography 1930-1931,Architecture and City Planning|Paintings,,Yale University Art Gallery,dura-d266~01,Dura Europos (Salahiyeh),Syria,Image source Dura field photo|Image type glass negative|Condition of photo intact,Data from Yale University
3894439,Protecting,Protecting wall in from of large frescoes|Temple of Bel/Palmyrene Gods            ,1930,Date of Photography 1930-1931,Architecture and City Planning|Paintings,,Yale University Art Gallery,dura-d265~01,Dura Europos (Salahiyeh),Syria,Image source Dura field photo|Image type glass negative|Condition of photo intact,Data from Yale University
3894438,Painted,Painted brick/ceiling tile with 3 pomegranates from House of the Court|House of the Court,1930,Date of Photography 1930-1931,Architecture and City Planning|Paintings,,Yale University Art Gallery,dura-d260~01,Dura Europos (Salahiyeh),Syria,Image source Dura field photo|Image type glass negative|Condition of photo intact,Data from Yale University
3894437,Painted,Painted brick/ceiling tile from House of the Court|House of the Court            ,1930,Date of Photography 1930-1931,Architecture and City Planning|Paintings,,Yale University Art Gallery,dura-d259~01,Dura Europos (Salahiyeh),Syria,Image source Dura field photo|Image type glass negative|Condition of photo intact,Data from Yale University
3894436,Painted,"Painted brick, 2 unrelated fragments|House of the Court",1930,Date of Photography 1930-1931,Architecture and City Planning|Paintings,,Yale University Art Gallery,dura-d258~01,Dura Europos (Salahiyeh),Syria,Image source Dura field photo|Image type glass negative|Condition of photo intact,Data from Yale University
3894435,Painted,Painted brick of Bebathumenes from Tower 15|Tower 15,1930,Date of Photography 1930-1931,Architecture and City Planning|Paintings,,Yale University Art Gallery,dura-d257~001,Dura Europos (Salahiyeh),Syria,Image source Dura field photo|Image type glass negative|Condition of photo intact,Data from Yale University
3894434,Ceiling,Ceiling tile with painted head of goddess from House of the Court|House of the Court            ,1930,Date of Photography 1930-1931,Architecture and City Planning|Paintings,,Yale University Art Gallery,dura-d256~01,Dura Europos (Salahiyeh),Syria,Image source Dura field photo|Image type glass negative|Condition of photo intact,Data from Yale University
3894433,Fresco,"Fresco painted wall representing colmun in red and black, Room of Parthian Frescoes|House of Frescoes            ",1930,Date of Photography 1930-1931,Architecture and City Planning|Paintings,,Yale University Art Gallery,dura-d250~01,Dura Europos (Salahiyeh),Syria,Image source Dura field photo|Image type glass negative|Condition of photo intact,Data from Yale University
3894432,Little,"Little tomb, South Rampart, Tower 10|Tower 10",1930,Date of Photography 1930-1931,Architecture and City Planning,,Yale University Art Gallery,dura-d25~01,Dura Europos (Salahiyeh),Syria,Image source Dura field photo|Image type glass negative|Condition of photo intact,Data from Yale University
3894431,Little,"Little tomb, South Rampart, Tower 10|Tower 10",1930,Date of Photography 1930-1931,Architecture and City Planning,,Yale University Art Gallery,dura-d24~01,Dura Europos (Salahiyeh),Syria,Image source Dura field photo|Image type glass negative|Condition of photo intact,Data from Yale University
3894430,Inscription,"Inscription (#300) Inventory of clothes, etc. scratched on doorpost from house south of House of Frescoes|House south of House of Frescoes",1930,Date of Photography 1930-1931,Architecture and City Planning,,Yale University Art Gallery,dura-d227~01,Dura Europos (Salahiyeh),Syria,Image source Dura field photo|Image type glass negative|Condition of photo intact,Data from Yale University
3894429,Inscription,"Inscription (#300) Inventory of clothes, etc. scratched on doorpost from house south of House of Frescoes|House south of House of Frescoes",1930,Date of Photography 1930-1931,Architecture and City Planning,,Yale University Art Gallery,dura-d226~01,Dura Europos (Salahiyeh),Syria,Image source Dura field photo|Image type glass negative|Condition of photo intact,Data from Yale University
3894428,Inscription,"Inscription (#301) Inventory of clothes, etc. on doorpost from house south of House of Frescoes|House south of House of Frescoes",1930,Date of Photography 1930-1931,Architecture and City Planning,,Yale University Art Gallery,dura-d225~01,Dura Europos (Salahiyeh),Syria,Image source Dura field photo|Image type glass negative|Condition of photo intact,Data from Yale University
3894427,Graffito,Graffito of Legio III (#294) from House of Frescoes|House of Frescoes,1930,Date of Photography 1930-1931,Architecture and City Planning,,Yale University Art Gallery,dura-d223~01,Dura Europos (Salahiyeh),Syria,Image source Dura field photo|Image type glass negative|Condition of photo intact,Data from Yale University
3894426,Graffito,"Graffito of Bouleutes (#343) from Boule|Temple of Artemis, Boule",1930,Date of Photography 1930-1931,Architecture and City Planning,,Yale University Art Gallery,dura-d221~01,Dura Europos (Salahiyeh),Syria,Image source Dura field photo|Image type glass negative|Condition of photo intact,Data from Yale University
3894425,Graffito,"Graffito of Bouleutes (#344) from Boule|Temple of Artemis, Boule",1930,Date of Photography 1930-1931,Architecture and City Planning,,Yale University Art Gallery,dura-d220~01,Dura Europos (Salahiyeh),Syria,Image source Dura field photo|Image type glass negative|Condition of photo intact,Data from Yale University
3894424,South,South Ramparts|South Ramparts            ,1930,Date of Photography 1930-1931,Architecture and City Planning,,Yale University Art Gallery,dura-d22~01,Dura Europos (Salahiyeh),Syria,Image source Dura field photo|Image type replacement negative|Condition of photo intact,Data from Yale University
3894423,Graffito,"Graffito #232 Horoscope, from House of Graffiti, House of Nebuchelus|House of Graffiti",1930,Date of Photography 1930-1931,Architecture and City Planning,,Yale University Art Gallery,dura-d214~01,Dura Europos (Salahiyeh),Syria,Image source Dura field photo|Image type glass negative|Condition of photo intact,Data from Yale University
3894422,Graffit,Graffit gate and fortification from House of Priests|House of Priests            ,1930,Date of Photography 1930-1931,Architecture and City Planning,,Yale University Art Gallery,dura-d212~01,Dura Europos (Salahiyeh),Syria,Image source Dura field photo|Image type glass negative|Condition of photo intact,Data from Yale University
3894421,Graffito,Graffito goddess in shrine from House of Priests|House of Priests            ,1930,Date of Photography 1930-1931,Architecture and City Planning,,Yale University Art Gallery,dura-d210~01,Dura Europos (Salahiyeh),Syria,Image source Dura field photo|Image type glass negative|Condition of photo intact,Data from Yale University
3894420,Graffito,Graffito figure and inscription (NIKH) from Tower 15|Tower 15,1930,Date of Photography 1930-1931,Architecture and City Planning,,Yale University Art Gallery,dura-d209~01,Dura Europos (Salahiyeh),Syria,Image source Dura field photo|Image type glass negative|Condition of photo intact,Data from Yale University
3894419,Graffito,"Graffito, boat, from House of the Ravine|House of the Ravine            ",1930,Date of Photography 1930-1931,Architecture and City Planning,,Yale University Art Gallery,dura-d207~01,Dura Europos (Salahiyeh),Syria,Image source Dura field photo|Image type glass negative|Condition of photo intact,Data from Yale University
3894418,Graffito,"Graffito, stags, from House of the Priests|House of Priests            ",1930,Date of Photography 1930-1931,Architecture and City Planning,,Yale University Art Gallery,dura-d205~01,Dura Europos (Salahiyeh),Syria,Image source Dura field photo|Image type glass negative|Condition of photo intact,Data from Yale University
3894417,Graffito,"Graffito, camels, from House of the Ravine|House of the Ravine            ",1930,Date of Photography 1930-1931,Architecture and City Planning,,Yale University Art Gallery,dura-d203~01,Dura Europos (Salahiyeh),Syria,Image source Dura field photo|Image type glass negative|Condition of photo intact,Data from Yale University
3894416,Graffito,"Graffito, camels, from house of the Ravine|House of the Ravine, to L of camel procession of d203",1930,Date of Photography 1930-1931,Architecture and City Planning,,Yale University Art Gallery,dura-d202~01,Dura Europos (Salahiyeh),Syria,Image source Dura field photo|Image type glass negative|Condition of photo intact,Data from Yale University
3894415,Graffito,"Graffito, rider hunting deer (?) from redoubt, left of entrance|Redoubt            ",1930,Date of Photography 1930-1931,Architecture and City Planning,,Yale University Art Gallery,dura-d200~01,Dura Europos (Salahiyeh),Syria,Image source Dura field photo|Image type glass negative|Condition of photo intact,Data from Yale University
3894414,View,View of city from Triumphal Arch|City view from Triumphal Arch (Arch of Trajan)            ,1930,Date of Photography 1930-1931,Architecture and City Planning,,Yale University Art Gallery,dura-d2~01,Dura Europos (Salahiyeh),Syria,Image source Dura field photo|Image type glass negative|Condition of photo intact,Data from Yale University
3894413,Graffito,"Graffito, rider and inscription from redoubt|Redoubt            ",1930,Date of Photography 1930-1931,Architecture and City Planning,,Yale University Art Gallery,dura-d198~01,Dura Europos (Salahiyeh),Syria,Image source Dura field photo|Image type glass negative|Condition of photo intact,Data from Yale University
3894412,Graffito,"Graffito - cataphractarius, detail|Christian building; private houses            ",1930,Date of Photography 1930-1931,Architecture and City Planning,,Yale University Art Gallery,dura-d193~01,Dura Europos (Salahiyeh),Syria,Image source Dura field photo|Image type glass negative|Condition of photo intact,Data from Yale University
3894411,Graffito,Graffito - cataphractarius; clibanarius|Christian building; private houses            ,1930,Date of Photography 1930-1931,Architecture and City Planning,,Yale University Art Gallery,dura-d192~01,Dura Europos (Salahiyeh),Syria,Image source Dura field photo|Image type glass negative|Condition of photo intact,Data from Yale University
3894410,Graffito,"Graffito of horse, room 14 of redoubt|Redoubt",1930,Date of Photography 1930-1931,Architecture and City Planning,,Yale University Art Gallery,dura-d190~01,Dura Europos (Salahiyeh),Syria,Image source Dura field photo|Image type glass negative|Condition of photo intact,Data from Yale University
3894409,Pehlevi,Pehlevi inscription from above bench to R of entrance to redoubt|Redoubt            ,1930,Date of Photography 1930-1931,Architecture and City Planning,,Yale University Art Gallery,dura-d186~01,Dura Europos (Salahiyeh),Syria,Image source Dura field photo|Image type glass negative|Condition of photo intact,Data from Yale University
3894408,Inscription,Inscription on fragment of vase from the north of the House of the Frescoes|House of the Frescoes            ,1930,Date of Photography 1930-1931,Architecture and City Planning,,Yale University Art Gallery,dura-d184~01,Dura Europos (Salahiyeh),Syria,Image source Dura field photo|Image type glass negative|Condition of photo broken,Data from Yale University
3894407,Fragments,Fragments of Sassanian frescoes; archer|House of Frescoes            ,1930,Date of Photography 1930-1931,Architecture and City Planning,,Yale University Art Gallery,dura-d183~01,Dura Europos (Salahiyeh),Syria,Image source Dura field photo|Image type glass negative|Condition of photo intact,Data from Yale University
3894406,Fragments,Fragments of Sassanian frescoes; Pehlevi inscription|House of Frescoes            ,1930,Date of Photography 1930-1931,Architecture and City Planning,,Yale University Art Gallery,dura-d182~01,Dura Europos (Salahiyeh),Syria,Image source Dura field photo|Image type glass negative|Condition of photo intact,Data from Yale University
3894405,Fragment,Fragment of Sassanian fresco; Pehlevi inscription|House of Frescoes            ,1930,Date of Photography 1930-1931,Architecture and City Planning,,Yale University Art Gallery,dura-d181~01,Dura Europos (Salahiyeh),Syria,Image source Dura field photo|Image type glass negative|Condition of photo intact,Data from Yale University
3894404,Pehlevi,Pehlevi inscription from wall of the Parthian Frescoes|House of Frescoes            ,1930,Date of Photography 1930-1931,Architecture and City Planning,,Yale University Art Gallery,dura-d180b~01,Dura Europos (Salahiyeh),Syria,Image source Dura field photo|Image type glass negative|Condition of photo intact,Data from Yale University
3894403,Pehlevi,Pehlevi inscription from wall of the Parthian Frescoes|House of Frescoes            ,1930,Date of Photography 1930-1931,Architecture and City Planning,,Yale University Art Gallery,dura-d180a~01,Dura Europos (Salahiyeh),Syria,Image source Dura field photo|Image type glass negative|Condition of photo intact,Data from Yale University
3894402,Parthian,Parthian inscription from the House of the Parthian Frescoes; Pehlevi inscription|House of Frescoes            ,1930,Date of Photography 1930-1931,Architecture and City Planning,,Yale University Art Gallery,dura-d179~01,Dura Europos (Salahiyeh),Syria,Image source Dura field photo|Image type glass negative|Condition of photo intact,Data from Yale University
3894401,Parthian,Parthian inscription from the House of the Parthian Frescoes; Pehlevi inscription|House of Frescoes            ,1930,Date of Photography 1930-1931,Architecture and City Planning,,Yale University Art Gallery,dura-d178~01,Dura Europos (Salahiyeh),Syria,Image source Dura field photo|Image type glass negative|Condition of photo intact,Data from Yale University
3894400,Altar,"Altar to Zeus Baetylas from Temple of Bel, inscription #168|Temple of Bel/Palmyrene Gods",1930,Date of Photography 1930-1931,Architecture and City Planning,,Yale University Art Gallery,dura-d174~01,Dura Europos (Salahiyeh),Syria,Image source Dura field photo|Image type glass negative|Condition of photo intact,Data from Yale University
3894399,Inscription,Inscription (#170) on altar inside Main Gate (Palmyrene Gate)|Main Gate (Palmyrene Gate),1930,Date of Photography 1930-1931,Architecture and City Planning,,Yale University Art Gallery,dura-d172~01,Dura Europos (Salahiyeh),Syria,Image source Dura field photo|Image type glass negative|Condition of photo intact,Data from Yale University
3894398,Inscription,Inscription (#176) from building outside Main Gate (Palmyrene Gate)|Main Gate (Palmyrene Gate),1930,Date of Photography 1930-1931,Architecture and City Planning,,Yale University Art Gallery,dura-d170~01,Dura Europos (Salahiyeh),Syria,Image source Dura field photo|Image type glass negative|Condition of photo intact,Data from Yale University
3894397,View,View of excavation from redoubt|Private houses            ,1930,Date of Photography 1930-1931,Architecture and City Planning,,Yale University Art Gallery,dura-d164~01,Dura Europos (Salahiyeh),Syria,Image source Dura field photo|Image type glass negative|Condition of photo intact,Data from Yale University
3894396,Fragments,"Fragments of inscription #167 of dedication to Trajan, Triumphal Arch IX, X, XI|Triumphal Arch (Arch of Trajan)",1930,Date of Photography 1930-1931,Architecture and City Planning,,Yale University Art Gallery,dura-d16~01,Dura Europos (Salahiyeh),Syria,Image source Dura field photo|Image type glass negative|Condition of photo intact,Data from Yale University
3894395,House,House of Frescoes looking SE|House of Frescoes            ,1930,Date of Photography 1930-1931,Architecture and City Planning,,Yale University Art Gallery,dura-d156~01,Dura Europos (Salahiyeh),Syria,Image source Dura field photo|Image type glass negative|Condition of photo intact,Data from Yale University
3894394,House ,2 altars from House of the Court|House of the Court,1930,Date of Photography 1930-1931,Architecture and City Planning,,Yale University Art Gallery,dura-d153b~01,Dura Europos (Salahiyeh),Syria,Image source Dura field photo|Image type glass negative|Condition of photo intact,Data from Yale University
3894393,House,2 altars from House of the Court|House of the Court,1930,Date of Photography 1930-1931,Architecture and City Planning,,Yale University Art Gallery,dura-d153a~01,Dura Europos (Salahiyeh),Syria,Image source Dura field photo|Image type glass negative|Condition of photo intact,Data from Yale University
3894392,House,House of the Court during excavations|House of the Court            ,1930,Date of Photography 1930-1931,Architecture and City Planning,,Yale University Art Gallery,dura-d150~01,Dura Europos (Salahiyeh),Syria,Image source Dura field photo|Image type glass negative|Condition of photo intact,Data from Yale University
3894391,Inscription,"Inscription #167, Triumphal Arch, XII|Triumphal Arch (Arch of Trajan)",1930,Date of Photography 1930-1931,Architecture and City Planning,,Yale University Art Gallery,dura-d15~01,Dura Europos (Salahiyeh),Syria,Image source Dura field photo|Image type glass negative|Condition of photo intact,Data from Yale University
3894390,House,"House of the Court, large atrium, court from SW|House of the Court            ",1930,Date of Photography 1930-1931,Architecture and City Planning,,Yale University Art Gallery,dura-d148~01,Dura Europos (Salahiyeh),Syria,Image source Dura field photo|Image type glass negative|Condition of photo intact,Data from Yale University
3894389,House,"House of the Court, large atrium, Court from E|House of the Court            ",1930,Date of Photography 1930-1931,Architecture and City Planning,,Yale University Art Gallery,dura-d146~01,Dura Europos (Salahiyeh),Syria,Image source Dura field photo|Image type glass negative|Condition of photo intact,Data from Yale University
3894388,House,"House of the Court, large atrium, court from NE|House of the Court            ",1930,Date of Photography 1930-1931,Architecture and City Planning,,Yale University Art Gallery,dura-d144~01,Dura Europos (Salahiyeh),Syria,Image source Dura field photo|Image type glass negative|Condition of photo intact,Data from Yale University
3894387,House,"House of the Court, stair|House of the Court            ",1930,Date of Photography 1930-1931,Architecture and City Planning,,Yale University Art Gallery,dura-d142~01,Dura Europos (Salahiyeh),Syria,Image source Dura field photo|Image type glass negative|Condition of photo intact,Data from Yale University
3894386,House,"House of the Court, S section|House of the Court            ",1930,Date of Photography 1930-1931,Architecture and City Planning,,Yale University Art Gallery,dura-d140~01,Dura Europos (Salahiyeh),Syria,Image source Dura field photo|Image type glass negative|Condition of photo intact,Data from Yale University
3894385,Inscription,"Inscription #167, Triumphal Arch, I and 2|Triumphal Arch (Arch of Trajan)",1930,Date of Photography 1930-1931,Architecture and City Planning,,Yale University Art Gallery,dura-d14~01,Dura Europos (Salahiyeh),Syria,Image source Dura field photo|Image type glass negative|Condition of photo intact,Data from Yale University
3894384,House,"House of the Court, large atrium, S end|House of the Court            ",1930,Date of Photography 1930-1931,Architecture and City Planning,,Yale University Art Gallery,dura-d138~01,Dura Europos (Salahiyeh),Syria,Image source Dura field photo|Image type glass negative|Condition of photo intact,Data from Yale University
3894383,House,"House of the Court, large atrium, N section|House of the Court            ",1930,Date of Photography 1930-1931,Architecture and City Planning,,Yale University Art Gallery,dura-d136~01,Dura Europos (Salahiyeh),Syria,Image source Dura field photo|Image type glass negative|Condition of photo intact,Data from Yale University
3894382,House,"House of the Court, large atrium, view looking NW|House of the Court            ",1930,Date of Photography 1930-1931,Architecture and City Planning,,Yale University Art Gallery,dura-d134~01,Dura Europos (Salahiyeh),Syria,Image source Dura field photo|Image type glass negative|Condition of photo intact,Data from Yale University
3894381,House,"House of the Court, large atrium, general view|House of the Court            ",1930,Date of Photography 1930-1931,Architecture and City Planning,,Yale University Art Gallery,dura-d132~01,Dura Europos (Salahiyeh),Syria,Image source Dura field photo|Image type glass negative|Condition of photo intact,Data from Yale University
3894380,House,"House of the Court, large atrium, before excavating|House of the Court            ",1930,Date of Photography 1930-1931,Architecture and City Planning,,Yale University Art Gallery,dura-d130~01,Dura Europos (Salahiyeh),Syria,Image source Dura field photo|Image type glass negative|Condition of photo intact,Data from Yale University
3894379,Inscription,"Inscription # 167, Triumphal Arch (frag. XIII reads [...] OPTA [...]; frag. XIV reads [...] ARI [...]; frag. XV reads [...] SARI [...])|Triumphal Arch (Arch of Trajan)",1930,Date of Photography 1930-1931,Architecture and City Planning,,Yale University Art Gallery,dura-d13~01,Dura Europos (Salahiyeh),Syria,Image source Dura field photo|Image type glass negative|Condition of photo intact,Data from Yale University
3894378,House,"House of the Court, large atrium, before excavating|House of the Court            ",1930,Date of Photography 1930-1931,Architecture and City Planning,,Yale University Art Gallery,dura-d128~01,Dura Europos (Salahiyeh),Syria,Image source Dura field photo|Image type glass negative|Condition of photo intact,Data from Yale University
3894377,House,"House of the Court, large atrium, beginning of excavation|House of the Court            ",1930,Date of Photography 1930-1931,Architecture and City Planning,,Yale University Art Gallery,dura-d126~01,Dura Europos (Salahiyeh),Syria,Image source Dura field photo|Image type glass negative|Condition of photo intact,Data from Yale University
3894376,House,House of the Court (large atrium) before excavation|House of the Court            ,1930,Date of Photography 1930-1931,Architecture and City Planning,,Yale University Art Gallery,dura-d124~01,Dura Europos (Salahiyeh),Syria,Image source Dura field photo|Image type glass negative|Condition of photo intact,Data from Yale University
3894375,Shelves,"Shelves for papyrus rolls, House of Archives (Nebuchelus)|House of the Archives            ",1930,Date of Photography 1930-1931,Architecture and City Planning,,Yale University Art Gallery,dura-d120~01,Dura Europos (Salahiyeh),Syria,Image source Dura field photo|Image type glass negative|Condition of photo intact,Data from Yale University
3894374,Inscription,"Inscription #167, Triumphal Arch (frag. VI reads [...] GIO [...]; frag. VII reads [...] II [...]; Frag. VIII reads [...] VA [...]|Triumphal Arch (Arch of Trajan)",1930,Date of Photography 1930-1931,Architecture and City Planning,,Yale University Art Gallery,dura-d12~01,Dura Europos (Salahiyeh),Syria,Image source Dura field photo|Image type glass negative|Condition of photo intact,Data from Yale University
3894373,House,"House of the Archives (Nebuchelus), shop or kitchen|House of the Archives            ",1930,Date of Photography 1930-1931,Architecture and City Planning,,Yale University Art Gallery,dura-d118~01,Dura Europos (Salahiyeh),Syria,Image source Dura field photo|Image type glass negative|Condition of photo intact,Data from Yale University
3894372,Inscription,"Inscription #169, City Arch, Main Street and H Street|Main Street and H Street",1930,Date of Photography 1930-1931,Architecture and City Planning,,Yale University Art Gallery,dura-d114~01,Dura Europos (Salahiyeh),Syria,Image source Dura field photo|Image type glass negative|Condition of photo intact,Data from Yale University
3894371,City,"City Arch looking E, Main and H Streets|Main and H Streets            ",1930,Date of Photography 1930-1931,Architecture and City Planning,,Yale University Art Gallery,dura-d112~01,Dura Europos (Salahiyeh),Syria,Image source Dura field photo|Image type glass negative|Condition of photo intact,Data from Yale University
3894370,City,"City Arch looking NW, Main and H Streets|Main and H streets            ",1930,Date of Photography 1930-1931,Architecture and City Planning,,Yale University Art Gallery,dura-d110~01,Dura Europos (Salahiyeh),Syria,Image source Dura field photo|Image type glass negative|Condition of photo intact,Data from Yale University
3894369,Inscription,"Inscription #167, Triumphal Arch|Triumphal Arch (Arch of Trajan)",1930,Date of Photography 1930-1931,Architecture and City Planning,,Yale University Art Gallery,dura-d11~01,Dura Europos (Salahiyeh),Syria,Image source Dura field photo|Image type glass negative|Condition of photo intact,Data from Yale University
3894368,City,"City Arch before excavating, Main and H Streets|Main and H Streets            ",1930,Date of Photography 1930-1931,Architecture and City Planning,,Yale University Art Gallery,dura-d108~01,Dura Europos (Salahiyeh),Syria,Image source Dura field photo|Image type glass negative|Condition of photo intact,Data from Yale University
3894367,House,House b and bath from top of Palmyrene Gate|House b and Bath            ,1930,Date of Photography 1930-1931,Architecture and City Planning,,Yale University Art Gallery,dura-d107~01,Dura Europos (Salahiyeh),Syria,Image source Dura field photo|Image type film negative|Condition of photo intact,Data from Yale University
3894366,Bath,"Bath near Palmyrene Gate, house b and bath from Gate|House b and Bath            ",1930,Date of Photography 1930-1931,Architecture and City Planning,,Yale University Art Gallery,dura-d106~01,Dura Europos (Salahiyeh),Syria,Image source Dura field photo|Image type glass negative|Condition of photo intact,Data from Yale University
3894365,Temple,"Temple before Palmyrene Gate, Tychaeum|Tychaeum            ",1930,Date of Photography 1930-1931,Architecture and City Planning,,Yale University Art Gallery,dura-d104~01,Dura Europos (Salahiyeh),Syria,Image source Dura field photo|Image type glass negative|Condition of photo intact,Data from Yale University
3894364,Altar,"Altar inside Main Gate (Palmyrene Gate), S side after uncovering|Main Gate (Palmyrene Gate)            ",1930,Date of Photography 1930-1931,Architecture and City Planning,,Yale University Art Gallery,dura-d102~01,Dura Europos (Salahiyeh),Syria,Image source Dura field photo|Image type glass negative|Condition of photo intact,Data from Yale University
3894363,Altar,Altar inside Main Gate (Palmyrene Gate) after uncovering S side|Main Gate (Palmyrene Gate)            ,1930,Date of Photography 1930-1931,Architecture and City Planning,,Yale University Art Gallery,dura-d101~01,Dura Europos (Salahiyeh),Syria,Image source Dura field photo|Image type glass negative|Condition of photo intact,Data from Yale University
3894362,Altar,Altar inside Main Gate (Palmyrene Gate) before uncovering S side|Main Gate (Palmyrene Gate)            ,1930,Date of Photography 1930-1931,Architecture and City Planning,,Yale University Art Gallery,dura-d100~01,Dura Europos (Salahiyeh),Syria,Image source Dura field photo|Image type glass negative|Condition of photo intact,Data from Yale University
3894361,Inscription,"Inscription #167, Triumphal Arch (frag. III reads [...] IVI [...] and [...] CE [...]; frag. IV reads [...] A [...] and [...] NO [...]|Triumphal Arch (Arch of Trajan)",1930,Date of Photography 1930-1931,Architecture and City Planning,,Yale University Art Gallery,dura-d10~01,Dura Europos (Salahiyeh),Syria,Image source Dura field photo|Image type glass negative|Condition of photo intact,Data from Yale University
3917023,Persian,Persian mine by Tower 19?|Tower 19,1932,Date of Photography 1932-1933,Architecture and City Planning,,Yale University Art Gallery,dura-fIV95~01,Dura Europos (Salahiyeh),Syria,Image source Dura field photo|Image type film negative|Condition of photo intact,Data from Yale University
3917022,Vessel,2 large vessels,1932,Date of Photography 1932-1933,"Architecture and City Planning|Decorative Arts, Utilitarian Objects and Interior Design",,Yale University Art Gallery,dura-fIV81~01,Dura Europos (Salahiyeh),Syria,Image source Dura field photo|Image type film negative|Condition of photo intact,Data from Yale University
3917021,wooden,wooden door            ,1932,Date of Photography 1932-1933,Architecture and City Planning,,Yale University Art Gallery,dura-fIV77~01,Dura Europos (Salahiyeh),Syria,Image source Dura field photo|Image type film negative|Condition of photo intact,Data from Yale University
3917020,Dura,Dura plan NW area of city|NW area of city (plan)            ,1932,Date of Photography 1932-1933,Architecture and City Planning,,Yale University Art Gallery,dura-fIV54~01,Dura Europos (Salahiyeh),Syria,Image source plan/drawing/reconstruction|Image type film negative|Condition of photo intact,Data from Yale University
3917019,Floor,"Floor, detail of design|Private House/Roman Bath            ",1932,Date of Photography 1932-1933,Architecture and City Planning,,Yale University Art Gallery,dura-fIV5~01,Dura Europos (Salahiyeh),Syria,Image source Dura field photo|Image type film negative|Condition of photo intact,Data from Yale University
3917018,Christian,Christian building/Private house view|Christian building; private house            ,1932,Date of Photography 1932-1933,Architecture and City Planning,,Yale University Art Gallery,dura-fIV30~01,Dura Europos (Salahiyeh),Syria,Image source Dura field photo|Image type film negative|Condition of photo intact,Data from Yale University
3917017,General,General view of floor|Private House/Roman Bath            ,1932,Date of Photography 1932-1933,Architecture and City Planning,,Yale University Art Gallery,dura-fIV1~01,Dura Europos (Salahiyeh),Syria,Image source Dura field photo|Image type film negative|Condition of photo intact,Data from Yale University
3917016,Textile,Textile            ,1932,Date of Photography 1932-1933,Architecture and City Planning,,Yale University Art Gallery,dura-fIII93~01,Dura Europos (Salahiyeh),Syria,Image source Dura field photo|Image type film negative|Condition of photo intact,Data from Yale University
3917015,Large,"Large, round-bodied jar            ",1932,Date of Photography 1932-1933,"Architecture and City Planning|Decorative Arts, Utilitarian Objects and Interior Design",,Yale University Art Gallery,dura-fIII60~01,Dura Europos (Salahiyeh),Syria,Image source Dura field photo|Image type film negative|Condition of photo intact,Data from Yale University
3917014,Large,Large jar in provenance            ,1932,Date of Photography 1932-1933,"Architecture and City Planning|Decorative Arts, Utilitarian Objects and Interior Design",,Yale University Art Gallery,dura-fIII56a~01,Dura Europos (Salahiyeh),Syria,Image source Dura field photo|Image type film negative|Condition of photo intact,Data from Yale University
3917013,Cornice,Cornice and capital from Atrium of Roman House in a1|Atrium of Roman House near Military Temple,1932,Date of Photography 1932-1933,Architecture and City Planning,,Yale University Art Gallery,dura-fIII23~01,Dura Europos (Salahiyeh),Syria,Image source Dura field photo|Image type film negative|Condition of photo intact,Data from Yale University
3917012,Christian,2 statuettes from Christian Building/Private House|Christian building; private house,1932,Date of Photography 1932-1933,Architecture and City Planning|Sculpture and Installations,,Yale University Art Gallery,dura-fIII20~01,Dura Europos (Salahiyeh),Syria,Image source Dura field photo|Image type film negative|Condition of photo intact,Data from Yale University
3917011,Drawings,Drawings of graffiti figures from e7 and n8?|Temple of Azzanathkona/Praetorium; Temple of Aphlad/Private Houses,1932,Date of Photography 1932-1933,Architecture and City Planning|Drawings and Watercolors,,Yale University Art Gallery,dura-fII91~01,Dura Europos (Salahiyeh),Syria,Image source Dura field photo|Image type film negative|Condition of photo intact,Data from Yale University
3917010,House,House of Scribes tile head|House of Scribes            ,1932,Date of Photography 1932-1933,Architecture and City Planning,,Yale University Art Gallery,dura-fII60~01,Dura Europos (Salahiyeh),Syria,Image source Dura field photo|Image type film negative|Condition of photo intact,Data from Yale University
3917009,Synagogue,Synagogue tiles animal designs (2 tiles)|Synagogue,1932,Date of Photography 1932-1933,Architecture and City Planning,,Yale University Art Gallery,dura-fII41~01,Dura Europos (Salahiyeh),Syria,Image source Dura field photo|Image type film negative|Condition of photo intact,Data from Yale University
3917007,Synagogue,Synagogue tiles mixture of different types|Synagogue            ,1932,Date of Photography 1932-1933,Architecture and City Planning,,Yale University Art Gallery,dura-fII33~01,Dura Europos (Salahiyeh),Syria,Image source Dura field photo|Image type film negative|Condition of photo intact,Data from Yale University
3917006,Synagogue,"Synagogue, view of digging|Synagogue            ",1932,Date of Photography 1932-1933,Architecture and City Planning,,Yale University Art Gallery,dura-fII27~01,Dura Europos (Salahiyeh),Syria,Image source Dura field photo|Image type film negative|Condition of photo intact,Data from Yale University
3917005,Synagogue,"Synagogue, before excavation|Synagogue            ",1932,Date of Photography 1932-1933,Architecture and City Planning,,Yale University Art Gallery,dura-fII22~01,Dura Europos (Salahiyeh),Syria,Image source Dura field photo|Image type film negative|Condition of photo intact,Data from Yale University
3917004,Synagogue,"Synagogue, west wall, south side, register b, 1 well of Be'er; S side detail|Synagogue",1932,Date of Photography 1932-1933,Architecture and City Planning,,Yale University Art Gallery,dura-fI76~01,Dura Europos (Salahiyeh),Syria,Image source Dura field photo|Image type film negative|Condition of photo intact,Data from Yale University
3917003,Synagogue,"Synagogue, west wall, south side, register b, 2 dedication of high priest, etc.; high priest's head detail|Synagogue",1932,Date of Photography 1932-1933,Architecture and City Planning,,Yale University Art Gallery,dura-fI73~01,Dura Europos (Salahiyeh),Syria,Image source Dura field photo|Image type film negative|Condition of photo intact,Data from Yale University
3917002,Synagogue,"Synagogue, west wall, north side, the Exodus, Moses feet and inscription detail|Synagogue            ",1932,Date of Photography 1932-1933,Architecture and City Planning,,Yale University Art Gallery,dura-fI40~01,Dura Europos (Salahiyeh),Syria,Image source Dura field photo|Image type film negative|Condition of photo intact,Data from Yale University
3917001,Synagogue,"Synagogue, west wall, register 1, Moses and burning bush|Synagogue",1932,Date of Photography 1932-1933,Architecture and City Planning,,Yale University Art Gallery,dura-fI26~01,Dura Europos (Salahiyeh),Syria,Image source Dura field photo|Image type film negative|Condition of photo intact,Data from Yale University
3917000,Synagogue,"Synagogue, west wall, fresco panel above niche detail|Synagogue            ",1932,Date of Photography 1932-1933,Architecture and City Planning,,Yale University Art Gallery,dura-fI21~01,Dura Europos (Salahiyeh),Syria,Image source Dura field photo|Image type film negative|Condition of photo intact,Data from Yale University